{"stats":{"minecraft:custom":{"minecraft:interact_with_furnace":8,"minecraft:mob_kills":16,"minecraft:interact_with_crafting_table":7,"minecraft:leave_game":3,"minecraft:time_since_death":22004,"minecraft:time_since_rest":22038,"minecraft:sprint_one_cm":88736,"minecraft:damage_taken":591,"minecraft:walk_one_cm":87021,"minecraft:damage_blocked_by_shield":320,"minecraft:drop":6,"minecraft:damage_dealt":2319,"minecraft:fly_one_cm":103539,"minecraft:crouch_one_cm":5628,"minecraft:play_time":47745,"tombstone:undead_killed":1,"minecraft:deaths":1,"minecraft:sneak_time":2847,"minecraft:jump":921,"minecraft:total_world_time":47745,"minecraft:fall_one_cm":22462},"minecraft:used":{"minecraft:cooked_mutton":3,"minecraft:stone_sword":53,"minecraft:stone_pickaxe":23,"minecraft:wooden_pickaxe":18,"minecraft:shield":8,"minecraft:iron_sword":10,"minecraft:dirt":27,"minecraft:crafting_table":3,"minecraft:iron_pickaxe":60,"minecraft:stone_axe":9,"minecraft:cobblestone":22,"minecraft:furnace":3,"tombstone:gift":1,"duneons:featherblue":3},"minecraft:picked_up":{"minecraft:crafting_table":3,"duneons:lobbydirtystone":2,"minecraft:feather":2,"minecraft:chicken":3,"minecraft:andesite":3,"biomesoplenty:goldenrod":1,"minecraft:leather":2,"minecraft:oak_log":11,"minecraft:spider_spawn_egg":1,"minecraft:dirt":38,"minecraft:string":4,"duneons:coin":4,"minecraft:raw_copper":25,"bloodandmadness:blood_vial":1,"mysticalagriculture:inferium_essence":3,"minecraft:beef":7,"minecraft:iron_ingot":1,"duneons:smallbow":1,"minecraft:oak_planks":12,"minecraft:egg":2,"minecraft:furnace":2,"minecraft:raw_iron":18,"minecraft:porkchop":2,"minecraft:spider_eye":2,"minecraft:rotten_flesh":4,"duneons:featherblue":1,"minecraft:cow_spawn_egg":1,"bloodandmadness:sanguisteel_nugget":1,"minecraft:gray_wool":1,"minecraft:mutton":4,"minecraft:coal":30,"minecraft:white_wool":1,"minecraft:cobblestone":42},"minecraft:dropped":{"minecraft:rotten_flesh":2,"minecraft:dirt":1,"duneons:lobbydirtystone":2,"tombstone:grave_dust":1,"minecraft:spider_eye":1,"minecraft:wooden_pickaxe":1},"minecraft:crafted":{"minecraft:oak_planks":44,"minecraft:crafting_table":1,"minecraft:wooden_pickaxe":1,"minecraft:iron_sword":1,"minecraft:furnace":1,"minecraft:stone_axe":1,"minecraft:cooked_mutton":4,"minecraft:air":0,"minecraft:shield":1,"minecraft:stick":12,"minecraft:iron_ingot":8,"minecraft:iron_pickaxe":1,"minecraft:stone_pickaxe":1,"minecraft:stone_sword":1},"minecraft:mined":{"biomesoplenty:desert_grass":1,"minecraft:crafting_table":3,"minecraft:cornflower":1,"minecraft:grass_block":6,"duneons:coarsedirt_2":1,"minecraft:copper_ore":7,"minecraft:cobblestone":7,"biomesoplenty:goldenrod":1,"minecraft:furnace":2,"minecraft:iron_ore":14,"minecraft:andesite":3,"minecraft:grass":10,"minecraft:oak_log":11,"minecraft:coal_ore":30,"minecraft:dirt":11,"duneons:lobbydirtystone":2,"minecraft:stone":34,"minecraft:oak_leaves":3},"minecraft:killed":{"bloodandmadness:church_doctor":1,"bloodandmadness:cloaked_beast_patient":1,"minecraft:spider":2,"minecraft:sheep":2,"minecraft:zombie":1,"duneons:pigchest":2,"minecraft:chicken":3,"minecraft:cow":4}},"DataVersion":3337}