{"stats":{"minecraft:used":{"minecraft:cooked_mutton":1,"minecraft:black_wool":1,"minecraft:stone_sword":27,"minecraft:stone_pickaxe":60,"minecraft:wooden_pickaxe":25,"minecraft:rotten_flesh":3,"minecraft:stone_axe":9,"minecraft:cobblestone":32,"minecraft:crafting_table":1,"minecraft:porkchop":2},"minecraft:crafted":{"minecraft:shield":1,"minecraft:crafting_table":1,"minecraft:spruce_planks":20,"minecraft:stick":8,"minecraft:iron_ingot":1,"minecraft:wooden_pickaxe":1,"minecraft:stone_pickaxe":1,"minecraft:stone_sword":1,"minecraft:stone_axe":1,"minecraft:cooked_mutton":1,"minecraft:air":0},"minecraft:custom":{"minecraft:time_since_rest":19618,"minecraft:interact_with_furnace":4,"minecraft:sprint_one_cm":63482,"minecraft:damage_taken":384,"minecraft:walk_one_cm":45655,"minecraft:mob_kills":3,"minecraft:drop":3,"minecraft:damage_dealt":627,"minecraft:swim_one_cm":271,"minecraft:interact_with_crafting_table":7,"minecraft:fly_one_cm":89796,"minecraft:player_kills":1,"minecraft:crouch_one_cm":4595,"minecraft:play_time":22990,"tombstone:undead_killed":2,"minecraft:deaths":2,"minecraft:sneak_time":2058,"minecraft:walk_under_water_one_cm":55,"minecraft:jump":630,"minecraft:walk_on_water_one_cm":830,"minecraft:time_since_death":19583,"minecraft:total_world_time":22990,"minecraft:fall_one_cm":14029},"minecraft:mined":{"biomesoplenty:cherry_log":8,"minecraft:iron_ore":15,"minecraft:spruce_log":5,"minecraft:andesite":1,"minecraft:crafting_table":1,"minecraft:granite":1,"minecraft:grass":1,"biomesoplenty:webbing":1,"biomesoplenty:stringy_cobweb":2,"minecraft:cobweb":15,"minecraft:copper_ore":10,"minecraft:cobblestone":2,"minecraft:stone":49,"mysticalagriculture:inferium_ore":2},"minecraft:killed_by":{"minecraft:player":2},"minecraft:dropped":{"minecraft:spruce_planks":1,"minecraft:spider_eye":1,"minecraft:wooden_pickaxe":1},"minecraft:killed":{"minecraft:skeleton":1,"minecraft:zombie":1,"minecraft:pig":1,"minecraft:spider":1},"minecraft:picked_up":{"minecraft:raw_iron":15,"minecraft:crafting_table":1,"minecraft:andesite":1,"minecraft:wooden_pickaxe":1,"minecraft:porkchop":2,"minecraft:spruce_log":5,"minecraft:spider_eye":2,"minecraft:string":15,"minecraft:raw_copper":40,"minecraft:bone":2,"minecraft:rotten_flesh":3,"minecraft:wheat_seeds":1,"mysticalagriculture:inferium_essence":12,"minecraft:granite":1,"minecraft:black_wool":1,"biomesoplenty:cherry_log":7,"minecraft:cobblestone":50}},"DataVersion":3337}