{"stats":{"minecraft:used":{"minecraft:cooked_mutton":1,"minecraft:stone_sword":82,"minecraft:stone_shovel":18,"minecraft:stone_pickaxe":153,"minecraft:wooden_pickaxe":25,"minecraft:shield":30,"minecraft:clay":1,"minecraft:rotten_flesh":5,"minecraft:dirt":6,"minecraft:crafting_table":4,"minecraft:carrot":2,"minecraft:black_wool":1,"biomesoplenty:cherry_planks":3,"minecraft:basalt":2,"minecraft:stone_axe":19,"minecraft:cobblestone":85,"minecraft:purple_bed":1,"minecraft:porkchop":2,"minecraft:cooked_porkchop":2,"minecraft:experience_bottle":1},"minecraft:crafted":{"biomesoplenty:cherry_planks":28,"minecraft:stone_shovel":1,"minecraft:crafting_table":2,"minecraft:spruce_planks":20,"minecraft:wooden_pickaxe":1,"firstaid:plaster":1,"minecraft:stone_axe":1,"minecraft:cooked_mutton":1,"minecraft:air":0,"minecraft:white_wool":5,"minecraft:shield":1,"minecraft:stick":12,"minecraft:iron_ingot":1,"minecraft:stone_pickaxe":2,"minecraft:stone_sword":1,"firstaid:bandage":1,"minecraft:acacia_planks":24,"minecraft:clay":1},"minecraft:custom":{"minecraft:interact_with_furnace":5,"minecraft:mob_kills":13,"tombstone:raider_killed":3,"minecraft:interact_with_crafting_table":20,"minecraft:open_barrel":2,"minecraft:leave_game":2,"minecraft:time_since_death":16775,"minecraft:climb_one_cm":205,"minecraft:waystone_activated":1,"minecraft:time_since_rest":17026,"minecraft:sprint_one_cm":197837,"minecraft:damage_taken":966,"minecraft:walk_one_cm":101457,"minecraft:damage_blocked_by_shield":910,"minecraft:drop":13,"minecraft:damage_dealt":2221,"minecraft:swim_one_cm":5574,"minecraft:fly_one_cm":332657,"minecraft:player_kills":2,"minecraft:open_chest":6,"minecraft:crouch_one_cm":8569,"minecraft:play_time":76654,"tombstone:undead_killed":3,"minecraft:deaths":4,"minecraft:sneak_time":4078,"minecraft:walk_under_water_one_cm":1376,"minecraft:jump":2073,"minecraft:walk_on_water_one_cm":17074,"minecraft:total_world_time":76654,"minecraft:fall_one_cm":53379},"minecraft:mined":{"biomesoplenty:cherry_log":8,"minecraft:clay":6,"minecraft:crafting_table":2,"minecraft:granite":1,"minecraft:acacia_log":6,"minecraft:grass_block":4,"minecraft:poppy":2,"minecraft:rose_bush":1,"biomesoplenty:flowering_oak_leaves":2,"minecraft:copper_ore":10,"minecraft:cobblestone":10,"biomesoplenty:sprout":2,"mysticalagriculture:inferium_ore":2,"minecraft:tall_seagrass":1,"minecraft:seagrass":1,"minecraft:purple_wool":27,"minecraft:purple_bed":2,"biomesoplenty:white_cherry_leaves":2,"minecraft:iron_ore":22,"biomesoplenty:violet":1,"minecraft:spruce_log":5,"minecraft:andesite":1,"minecraft:coal_ore":12,"minecraft:grass":9,"biomesoplenty:pink_cherry_leaves":2,"biomesoplenty:webbing":3,"minecraft:sand":10,"minecraft:dirt":2,"biomesoplenty:stringy_cobweb":3,"minecraft:cobweb":24,"minecraft:stone":110,"minecraft:oak_leaves":6,"minecraft:fern":1},"minecraft:broken":{"minecraft:stone_pickaxe":1},"minecraft:killed_by":{"minecraft:player":3,"minecraft:pillager":1},"minecraft:killed":{"minecraft:cave_spider":1,"minecraft:pig":4,"minecraft:spider":2,"minecraft:skeleton":1,"minecraft:sheep":1,"minecraft:pillager":3,"minecraft:zombie":2},"minecraft:dropped":{"minecraft:pillager_spawn_egg":1,"minecraft:wheat_seeds":4,"minecraft:golden_helmet":1,"minecraft:raw_iron":1,"artifacts:universal_attractor":1,"minecraft:leather_helmet":1,"biomesoplenty:violet":1,"minecraft:dirt":1,"minecraft:spruce_planks":1,"minecraft:iron_leggings":1,"minecraft:spider_eye":3,"minecraft:wooden_pickaxe":1},"minecraft:picked_up":{"minecraft:crafting_table":2,"minecraft:purple_wool":26,"minecraft:basalt":2,"minecraft:clay_ball":20,"minecraft:andesite":1,"minecraft:wooden_pickaxe":1,"biomesoplenty:violet":1,"minecraft:dirt":7,"minecraft:string":26,"minecraft:raw_copper":40,"minecraft:iron_leggings":1,"minecraft:cooked_mutton":1,"minecraft:bone":2,"minecraft:wheat_seeds":4,"mysticalagriculture:inferium_essence":16,"minecraft:rose_bush":1,"minecraft:poppy":2,"biomesoplenty:cherry_log":7,"minecraft:pillager_spawn_egg":2,"minecraft:stick":2,"minecraft:raw_iron":22,"minecraft:cooked_porkchop":4,"minecraft:acacia_log":6,"minecraft:porkchop":4,"minecraft:sand":10,"biomesoplenty:white_cherry_sapling":1,"minecraft:spruce_log":5,"minecraft:spider_eye":3,"minecraft:purple_bed":2,"minecraft:rotten_flesh":6,"waystones:waystone":1,"minecraft:granite":1,"minecraft:black_wool":1,"minecraft:coal":12,"minecraft:white_wool":1,"minecraft:cobblestone":119}},"DataVersion":3337}