{"stats":{"minecraft:killed":{"minecraft:cave_spider":1,"minecraft:witch":1,"minecraft:spider":62,"duneons:wraith":1,"minecraft:skeleton":7,"alexsmobs:kangaroo":1,"minecraft:pig":4,"minecraft:iron_golem":6,"minecraft:creeper":4,"duneons:mountaineer":2,"minecraft:sheep":7,"minecraft:pillager":3,"minecraft:zombie":20,"duneons:squallgolem":1,"minecraft:squid":2},"minecraft:crafted":{"minecraft:black_dye":1,"minecraft:light_gray_concrete_powder":8,"minecraft:oak_planks":20,"biomesoplenty:cherry_planks":28,"minecraft:purple_bed":1,"travelersbackpack:diamond":1,"minecraft:cooked_mutton":5,"minecraft:chest":1,"ironchest:wood_to_copper_chest_upgrade":1,"minecraft:crafting_table":6,"minecraft:spruce_planks":20,"minecraft:wooden_pickaxe":1,"minecraft:copper_ingot":171,"minecraft:diamond_pickaxe":1,"minecraft:yellow_dye":1,"minecraft:shield":1,"minecraft:stick":16,"minecraft:iron_pickaxe":1,"minecraft:iron_ingot":45,"minecraft:stone_sword":1,"minecraft:gold_ingot":15,"minecraft:light_gray_dye":1,"minecraft:yellow_concrete_powder":8,"minecraft:stone_shovel":1,"minecraft:iron_nugget":9,"biomesoplenty:mahogany_planks":24,"minecraft:furnace":4,"firstaid:plaster":1,"minecraft:stone_pickaxe":2,"cgm:workbench":1,"minecraft:wheat":90,"minecraft:stone_axe":1,"minecraft:bread":35,"minecraft:air":0,"minecraft:white_wool":5,"minecraft:gold_nugget":81,"firstaid:bandage":9,"minecraft:acacia_planks":44,"minecraft:clay":1},"minecraft:broken":{"minecraft:stone_pickaxe":1,"minecraft:shield":1},"minecraft:killed_by":{"minecraft:pillager":1,"minecraft:zombie":1,"minecraft:player":16,"minecraft:spider":2,"minecraft:skeleton":3},"minecraft:custom":{"minecraft:interact_with_crafting_table":39,"minecraft:open_barrel":18,"goblintraders:trade_with_goblin":73,"minecraft:leave_game":11,"minecraft:time_since_death":113,"minecraft:sprint_one_cm":834323,"minecraft:damage_blocked_by_shield":2470,"minecraft:drop":112,"minecraft:talked_to_villager":5,"minecraft:play_time":362953,"minecraft:deaths":30,"minecraft:jump":8047,"minecraft:walk_on_water_one_cm":92614,"minecraft:interact_with_furnace":35,"minecraft:sleep_in_bed":5,"minecraft:waystone_activated":4,"minecraft:damage_dealt":13404,"minecraft:player_kills":18,"minecraft:crouch_one_cm":37684,"tombstone:undead_killed":27,"minecraft:interact_with_smithing_table":2,"minecraft:mob_kills":130,"minecraft:climb_one_cm":1443,"minecraft:walk_one_cm":580116,"minecraft:sneak_time":21817,"minecraft:walk_under_water_one_cm":24523,"minecraft:total_world_time":362953,"tombstone:raider_killed":4,"minecraft:time_since_rest":144,"minecraft:damage_taken":5828,"minecraft:swim_one_cm":142741,"minecraft:fly_one_cm":1318477,"minecraft:open_chest":47,"minecraft:fall_one_cm":188208},"minecraft:used":{"duneons:dungeonbarrel":1,"minecraft:chest":1,"minecraft:shield":68,"minecraft:iron_sword":162,"travelersbackpack:diamond":2,"minecraft:rotten_flesh":6,"minecraft:mutton":3,"minecraft:carrot":2,"minecraft:tuff":2,"biomesoplenty:cherry_planks":28,"cgm:shotgun":62,"minecraft:iron_helmet":1,"minecraft:hay_block":1,"minecraft:furnace":6,"minecraft:stone_pickaxe":169,"minecraft:oak_planks":1,"minecraft:wooden_pickaxe":25,"minecraft:diamond_axe":12,"minecraft:clay":1,"minecraft:white_wool":2,"waystones:waystone":2,"minecraft:bread":8,"minecraft:gravel":2,"minecraft:smithing_table":1,"minecraft:andesite":5,"minecraft:experience_bottle":1,"minecraft:oak_fence":1,"biomesoplenty:mahogany_planks":24,"minecraft:stone_sword":153,"minecraft:stone_shovel":42,"minecraft:dirt":41,"cgm:workbench":2,"cgm:rifle":91,"duneons:goatgear_chestplate":1,"minecraft:iron_boots":1,"duneons:goatgear_helmet":2,"minecraft:yellow_concrete_powder":8,"minecraft:basalt":2,"tombstone:gift":5,"minecraft:cooked_beef":3,"minecraft:acacia_planks":29,"minecraft:cobbled_deepslate":121,"minecraft:iron_leggings":1,"biomesoplenty:black_sand":4,"minecraft:cooked_mutton":5,"minecraft:sheep_spawn_egg":1,"ironchest:wood_to_copper_chest_upgrade":1,"minecraft:crafting_table":10,"minecraft:light_gray_concrete_powder":8,"minecraft:black_wool":1,"minecraft:diamond_pickaxe":436,"minecraft:iron_pickaxe":249,"minecraft:stone_axe":46,"minecraft:cobblestone":198,"minecraft:purple_bed":5,"travelersbackpack:standard":6,"minecraft:porkchop":2,"minecraft:cooked_porkchop":4,"minecraft:bucket":3,"duneons:highlandfern":1},"minecraft:picked_up":{"minecraft:wheat":16,"duneons:lobbydirtystone":2,"cgm:basic_bullet":64,"minecraft:smithing_table":1,"biomesoplenty:violet":1,"minecraft:enchanted_book":4,"minecraft:string":71,"minecraft:raw_copper":145,"travelersbackpack:diamond":2,"duneons:goatgear_helmet":1,"minecraft:iron_leggings":1,"mysticalagriculture:inferium_essence":95,"minecraft:cobbled_deepslate":535,"minecraft:bucket":1,"minecraft:cobblestone_slab":2,"minecraft:rose_bush":1,"minecraft:calcite":1,"cgm:advanced_bullet":160,"minecraft:furnace":3,"minecraft:stick":4,"minecraft:oak_fence":1,"minecraft:acacia_log":6,"mysticalagriculture:prosperity_shard":11,"minecraft:porkchop":4,"tombstone:grave_dust":1,"minecraft:diorite":22,"minecraft:rotten_flesh":13,"alexsmobs:emu_egg":2,"minecraft:cobblestone":283,"minecraft:cooked_beef":6,"minecraft:andesite":7,"minecraft:flint":2,"minecraft:tuff":157,"minecraft:dirt":51,"minecraft:bone":17,"minecraft:acacia_planks":7,"minecraft:bow":1,"minecraft:wheat_seeds":51,"minecraft:raw_gold":12,"minecraft:oak_planks":9,"biomesoplenty:cherry_log":7,"ironchest:wood_to_copper_chest_upgrade":1,"minecraft:sheep_spawn_egg":1,"minecraft:cooked_porkchop":4,"cgm:rifle":1,"minecraft:jungle_planks":3,"minecraft:sand":12,"biomesoplenty:white_cherry_sapling":1,"minecraft:ink_sac":1,"cgm:shell":144,"minecraft:light_gray_concrete":3,"duneons:driedhaybales":3,"minecraft:diamond":7,"waystones:waystone":3,"minecraft:granite":27,"duneons:ravagergatewood_3":1,"minecraft:crafting_table":4,"minecraft:purple_wool":26,"minecraft:clay_ball":56,"minecraft:wooden_pickaxe":1,"cgm:shotgun":2,"biomesoplenty:black_sand":4,"minecraft:cyan_wool":3,"minecraft:poppy":16,"minecraft:raw_iron":49,"minecraft:carrot":10,"minecraft:redstone":9,"luckytntmod:deepslate_uranium_ore":2,"duneons:dungeonbarrel":1,"minecraft:arrow":11,"minecraft:jungle_stairs":1,"minecraft:hay_block":8,"minecraft:mutton":10,"minecraft:white_wool":7,"minecraft:oxeye_daisy":1,"minecraft:basalt":2,"minecraft:acacia_wood":5,"minecraft:birch_planks":1,"minecraft:oak_log":5,"minecraft:yellow_bed":1,"minecraft:gunpowder":53,"tombstone:gift":1,"minecraft:cooked_mutton":2,"minecraft:iron_ingot":27,"minecraft:pillager_spawn_egg":2,"minecraft:yellow_concrete":3,"minecraft:dandelion":1,"minecraft:gravel":24,"duneons:highlandfern":23,"minecraft:spruce_log":5,"minecraft:spider_eye":7,"travelersbackpack:standard":5,"biomesoplenty:mahogany_log":6,"minecraft:purple_bed":4,"duneons:keygold":1,"minecraft:black_wool":1,"minecraft:coal":45,"cgm:workbench":1},"minecraft:dropped":{"minecraft:porkchop":2,"minecraft:birch_planks":1,"duneons:burstgale":1,"minecraft:jungle_planks":3,"artifacts:universal_attractor":1,"minecraft:leather_helmet":1,"minecraft:flint":1,"minecraft:dirt":6,"minecraft:mutton":1,"minecraft:sand":2,"minecraft:iron_pickaxe":1,"minecraft:white_wool":1,"minecraft:bone":16,"minecraft:gravel":13,"minecraft:pillager_spawn_egg":2,"cgm:shotgun":1,"minecraft:cobbled_deepslate":382,"alexsmobs:animal_dictionary":1,"minecraft:obsidian":6,"minecraft:rotten_flesh":5,"minecraft:oak_planks":1,"minecraft:poppy":11,"minecraft:leather_chestplate":1,"duneons:scattermines":1,"minecraft:arrow":2,"minecraft:enchanted_book":4,"minecraft:water_bucket":1,"duneons:goatgear_chestplate":1,"minecraft:wheat_seeds":7,"minecraft:golden_helmet":1,"minecraft:golden_axe":1,"minecraft:iron_helmet":1,"minecraft:cobblestone":54,"minecraft:spectral_arrow":1,"minecraft:granite":19,"bossominium:the_bossdexium":1,"minecraft:stick":5,"biomesoplenty:violet":1,"minecraft:rose_bush":1,"duneons:ravagergateiron":1,"tombstone:grave_dust":3,"minecraft:iron_leggings":1,"duneons:goatgear_helmet":2,"minecraft:string":3,"minecraft:acacia_planks":1,"minecraft:redstone":9,"duneons:ravagergatewood_3":1,"minecraft:raw_copper":5,"minecraft:tuff":141,"ironchest:wood_to_copper_chest_upgrade":1,"minecraft:raw_iron":1,"biomesoplenty:white_cherry_sapling":1,"duneons:highlandfern":22,"minecraft:clay_ball":36,"minecraft:cyan_wool":3,"minecraft:spruce_planks":1,"minecraft:andesite":2,"minecraft:yellow_bed":1,"minecraft:spider_eye":4,"minecraft:stone_pickaxe":1,"minecraft:wooden_pickaxe":2,"minecraft:calcite":1},"minecraft:mined":{"biomesoplenty:cherry_log":8,"duneons:rampartbrazier":1,"minecraft:granite":9,"minecraft:acacia_log":6,"minecraft:grass_block":35,"biomesoplenty:flowering_oak_leaves":2,"duneons:dungeonbarrel":1,"minecraft:oxeye_daisy":1,"mysticalagriculture:inferium_ore":26,"luckytntmod:deepslate_uranium_ore":2,"minecraft:tall_seagrass":1,"minecraft:iron_ore":39,"minecraft:cobbled_deepslate":18,"biomesoplenty:violet":1,"biomesoplenty:pink_cherry_leaves":2,"biomesoplenty:webbing":3,"minecraft:light_gray_concrete":3,"duneons:glowmelonroot":1,"minecraft:deepslate_redstone_ore":2,"minecraft:clay":7,"minecraft:jungle_stairs":1,"minecraft:calcite":1,"minecraft:poppy":8,"minecraft:cobblestone":20,"minecraft:oak_planks":10,"minecraft:deepslate_copper_ore":6,"travelersbackpack:diamond":2,"minecraft:seagrass":1,"minecraft:cyan_wool":3,"minecraft:wheat":21,"duneons:creeperwoodstallgrass":3,"minecraft:grass":10,"minecraft:oak_log":5,"minecraft:sand":10,"minecraft:dirt":13,"duneons:lobbydirtystone":2,"minecraft:oak_leaves":10,"mysticalagriculture:deepslate_inferium_ore":1,"minecraft:deepslate":268,"mysticalagriculture:prosperity_ore":4,"minecraft:tuff":93,"minecraft:deepslate_diamond_ore":10,"luckytntmod:deepslate_gunpowder_ore":7,"duneons:driedhaybales":3,"biomesoplenty:bush":1,"minecraft:jungle_planks":3,"duneons:highlandtallgrass":5,"duneons:highlandgrass":1,"cgm:workbench":1,"minecraft:hay_block":8,"minecraft:furnace":2,"minecraft:carrots":3,"minecraft:acacia_wood":5,"minecraft:andesite":9,"minecraft:deepslate_iron_ore":10,"minecraft:stone":220,"minecraft:smithing_table":1,"biomesoplenty:black_sand":4,"minecraft:dandelion":1,"travelersbackpack:standard":4,"minecraft:oak_fence":1,"minecraft:crafting_table":4,"minecraft:rose_bush":1,"minecraft:copper_ore":31,"biomesoplenty:sprout":3,"minecraft:deepslate_gold_ore":5,"minecraft:diorite":19,"minecraft:purple_wool":27,"minecraft:birch_planks":1,"minecraft:purple_bed":3,"biomesoplenty:white_cherry_leaves":2,"biomesoplenty:mahogany_log":6,"duneons:whitespideregg":1,"minecraft:spruce_log":5,"minecraft:yellow_bed":2,"duneons:highlandfern":23,"minecraft:coal_ore":27,"minecraft:gravel":27,"minecraft:yellow_concrete":3,"biomesoplenty:stringy_cobweb":3,"minecraft:cobweb":24,"minecraft:acacia_planks":1,"minecraft:gold_ore":7,"minecraft:fern":5,"luckytntmod:gunpowder_ore":6}},"DataVersion":3337}