{"stats":{"minecraft:crafted":{"minecraft:light_gray_concrete_powder":8,"minecraft:oak_planks":20,"minecraft:yellow_concrete_powder":8,"biomesoplenty:cherry_planks":28,"minecraft:stone_shovel":1,"minecraft:purple_bed":1,"biomesoplenty:mahogany_planks":24,"minecraft:furnace":1,"firstaid:plaster":1,"minecraft:cooked_mutton":5,"minecraft:stone_pickaxe":2,"cgm:workbench":1,"minecraft:crafting_table":5,"minecraft:spruce_planks":20,"minecraft:wooden_pickaxe":1,"minecraft:stone_axe":1,"minecraft:air":0,"minecraft:white_wool":5,"minecraft:yellow_dye":1,"minecraft:shield":1,"minecraft:stick":12,"minecraft:iron_pickaxe":1,"minecraft:iron_ingot":7,"minecraft:stone_sword":1,"firstaid:bandage":1,"minecraft:light_gray_dye":1,"minecraft:acacia_planks":44,"minecraft:clay":1},"minecraft:custom":{"minecraft:mob_kills":40,"minecraft:interact_with_crafting_table":30,"minecraft:open_barrel":2,"minecraft:leave_game":7,"minecraft:time_since_death":23416,"minecraft:climb_one_cm":977,"minecraft:sprint_one_cm":380916,"minecraft:walk_one_cm":196140,"minecraft:damage_blocked_by_shield":2470,"minecraft:drop":55,"minecraft:talked_to_villager":2,"minecraft:play_time":157858,"minecraft:deaths":9,"minecraft:sneak_time":13039,"minecraft:walk_under_water_one_cm":9247,"minecraft:jump":3906,"minecraft:walk_on_water_one_cm":52299,"minecraft:total_world_time":157858,"minecraft:interact_with_furnace":15,"tombstone:raider_killed":4,"minecraft:sleep_in_bed":3,"minecraft:waystone_activated":2,"minecraft:time_since_rest":18640,"minecraft:damage_taken":2384,"minecraft:damage_dealt":6708,"minecraft:player_kills":2,"minecraft:swim_one_cm":54056,"minecraft:fly_one_cm":727342,"minecraft:open_chest":23,"minecraft:crouch_one_cm":25263,"tombstone:undead_killed":13,"minecraft:fall_one_cm":96005},"minecraft:dropped":{"minecraft:enchanted_book":4,"minecraft:birch_planks":1,"minecraft:porkchop":2,"minecraft:wheat_seeds":4,"minecraft:golden_helmet":1,"minecraft:golden_axe":1,"minecraft:iron_helmet":1,"minecraft:spectral_arrow":1,"minecraft:granite":1,"minecraft:jungle_planks":3,"artifacts:universal_attractor":1,"minecraft:leather_helmet":1,"bossominium:the_bossdexium":1,"minecraft:stick":1,"minecraft:flint":1,"biomesoplenty:violet":1,"minecraft:dirt":5,"minecraft:rose_bush":1,"duneons:ravagergateiron":1,"tombstone:grave_dust":1,"minecraft:iron_leggings":1,"minecraft:sand":2,"minecraft:white_wool":1,"minecraft:acacia_planks":1,"minecraft:gravel":13,"duneons:ravagergatewood_3":1,"minecraft:pillager_spawn_egg":2,"alexsmobs:animal_dictionary":1,"minecraft:raw_iron":1,"biomesoplenty:white_cherry_sapling":1,"minecraft:rotten_flesh":1,"duneons:highlandfern":22,"minecraft:clay_ball":20,"minecraft:leather_chestplate":1,"minecraft:poppy":2,"minecraft:cyan_wool":3,"minecraft:spruce_planks":1,"minecraft:andesite":1,"minecraft:spider_eye":3,"minecraft:wooden_pickaxe":2,"minecraft:stone_pickaxe":1,"minecraft:calcite":1},"minecraft:killed":{"minecraft:cave_spider":1,"minecraft:witch":1,"minecraft:spider":2,"duneons:wraith":1,"minecraft:skeleton":5,"duneons:squallgolem":1,"minecraft:pig":4,"duneons:mountaineer":2,"minecraft:sheep":5,"minecraft:pillager":3,"minecraft:zombie":8},"minecraft:broken":{"minecraft:stone_pickaxe":1,"minecraft:shield":1},"minecraft:used":{"biomesoplenty:mahogany_planks":24,"duneons:dungeonbarrel":1,"minecraft:stone_sword":153,"minecraft:stone_shovel":42,"minecraft:shield":68,"minecraft:iron_sword":28,"minecraft:rotten_flesh":5,"minecraft:dirt":13,"cgm:workbench":1,"minecraft:carrot":2,"duneons:goatgear_chestplate":1,"biomesoplenty:cherry_planks":28,"minecraft:iron_helmet":1,"duneons:goatgear_helmet":2,"minecraft:yellow_concrete_powder":8,"minecraft:basalt":2,"minecraft:furnace":2,"tombstone:gift":3,"minecraft:acacia_planks":29,"minecraft:cooked_mutton":4,"minecraft:stone_pickaxe":169,"minecraft:oak_planks":1,"minecraft:wooden_pickaxe":25,"minecraft:clay":1,"minecraft:crafting_table":8,"minecraft:light_gray_concrete_powder":8,"waystones:waystone":1,"minecraft:black_wool":1,"minecraft:iron_pickaxe":215,"minecraft:bread":1,"minecraft:gravel":2,"minecraft:stone_axe":46,"minecraft:cobblestone":117,"minecraft:purple_bed":4,"minecraft:porkchop":2,"minecraft:cooked_porkchop":4,"minecraft:andesite":5,"duneons:highlandfern":1,"minecraft:experience_bottle":1},"minecraft:picked_up":{"minecraft:crafting_table":3,"duneons:lobbydirtystone":2,"minecraft:purple_wool":26,"minecraft:clay_ball":40,"minecraft:wooden_pickaxe":1,"biomesoplenty:violet":1,"minecraft:enchanted_book":4,"minecraft:string":26,"minecraft:raw_copper":51,"minecraft:iron_leggings":1,"mysticalagriculture:inferium_essence":89,"minecraft:cobbled_deepslate":1,"minecraft:calcite":1,"minecraft:rose_bush":1,"minecraft:cyan_wool":3,"minecraft:poppy":7,"minecraft:furnace":3,"minecraft:stick":2,"minecraft:raw_iron":38,"mysticalagriculture:prosperity_shard":11,"minecraft:acacia_log":6,"minecraft:porkchop":4,"minecraft:diorite":22,"duneons:dungeonbarrel":1,"minecraft:arrow":9,"minecraft:rotten_flesh":6,"minecraft:jungle_stairs":1,"alexsmobs:emu_egg":2,"minecraft:mutton":7,"minecraft:white_wool":5,"minecraft:cobblestone":220,"minecraft:oxeye_daisy":1,"minecraft:basalt":2,"minecraft:andesite":6,"minecraft:acacia_wood":5,"minecraft:birch_planks":1,"minecraft:flint":2,"minecraft:oak_log":5,"minecraft:dirt":18,"tombstone:gift":1,"minecraft:cooked_mutton":2,"minecraft:bone":9,"minecraft:acacia_planks":7,"minecraft:bow":1,"minecraft:wheat_seeds":4,"minecraft:raw_gold":8,"minecraft:oak_planks":2,"biomesoplenty:cherry_log":7,"minecraft:pillager_spawn_egg":2,"minecraft:cooked_porkchop":4,"minecraft:yellow_concrete":3,"minecraft:dandelion":1,"duneons:highlandfern":23,"minecraft:gravel":24,"minecraft:jungle_planks":3,"minecraft:sand":10,"biomesoplenty:white_cherry_sapling":1,"minecraft:spruce_log":5,"minecraft:spider_eye":3,"minecraft:light_gray_concrete":3,"biomesoplenty:mahogany_log":6,"minecraft:purple_bed":3,"waystones:waystone":2,"minecraft:granite":9,"duneons:ravagergatewood_3":1,"duneons:keygold":1,"minecraft:black_wool":1,"minecraft:coal":45},"minecraft:killed_by":{"minecraft:player":3,"minecraft:pillager":1,"minecraft:skeleton":2},"minecraft:mined":{"mysticalagriculture:prosperity_ore":4,"biomesoplenty:cherry_log":8,"duneons:rampartbrazier":1,"minecraft:granite":9,"minecraft:acacia_log":6,"minecraft:grass_block":9,"minecraft:jungle_planks":3,"duneons:highlandtallgrass":5,"biomesoplenty:flowering_oak_leaves":2,"duneons:highlandgrass":1,"duneons:dungeonbarrel":1,"minecraft:oxeye_daisy":1,"mysticalagriculture:inferium_ore":26,"minecraft:tall_seagrass":1,"minecraft:furnace":2,"minecraft:iron_ore":38,"minecraft:acacia_wood":5,"biomesoplenty:violet":1,"minecraft:andesite":8,"biomesoplenty:pink_cherry_leaves":2,"biomesoplenty:webbing":3,"minecraft:light_gray_concrete":3,"duneons:glowmelonroot":1,"minecraft:stone":209,"minecraft:dandelion":1,"minecraft:clay":7,"minecraft:crafting_table":3,"minecraft:jungle_stairs":1,"minecraft:calcite":1,"minecraft:poppy":8,"minecraft:rose_bush":1,"minecraft:copper_ore":13,"minecraft:cobblestone":11,"biomesoplenty:sprout":2,"minecraft:deepslate_gold_ore":1,"minecraft:oak_planks":2,"minecraft:diorite":19,"minecraft:seagrass":1,"minecraft:purple_wool":27,"minecraft:cyan_wool":3,"minecraft:birch_planks":1,"minecraft:purple_bed":3,"biomesoplenty:white_cherry_leaves":2,"biomesoplenty:mahogany_log":6,"duneons:whitespideregg":1,"minecraft:spruce_log":5,"duneons:highlandfern":23,"duneons:creeperwoodstallgrass":3,"minecraft:grass":10,"minecraft:oak_log":5,"minecraft:coal_ore":27,"duneons:lobbydirtystone":2,"minecraft:sand":10,"minecraft:gravel":24,"minecraft:yellow_concrete":3,"minecraft:dirt":7,"biomesoplenty:stringy_cobweb":3,"minecraft:cobweb":24,"minecraft:acacia_planks":1,"luckytntmod:gunpowder_ore":6,"minecraft:gold_ore":7,"minecraft:oak_leaves":8,"mysticalagriculture:deepslate_inferium_ore":1,"minecraft:deepslate":1,"minecraft:fern":3}},"DataVersion":3337}