{"stats":{"minecraft:used":{"minecraft:stone_sword":11,"minecraft:wooden_pickaxe":25,"minecraft:rotten_flesh":1,"minecraft:stone_axe":1,"minecraft:crafting_table":1,"minecraft:porkchop":2},"minecraft:crafted":{"minecraft:crafting_table":1,"minecraft:spruce_planks":20,"minecraft:stick":8,"minecraft:wooden_pickaxe":1,"minecraft:stone_pickaxe":1,"minecraft:stone_sword":1,"minecraft:stone_axe":1},"minecraft:custom":{"minecraft:time_since_rest":7618,"minecraft:sprint_one_cm":43145,"minecraft:damage_taken":344,"minecraft:walk_one_cm":23259,"minecraft:mob_kills":3,"minecraft:drop":1,"minecraft:damage_dealt":627,"minecraft:interact_with_crafting_table":3,"minecraft:fly_one_cm":58100,"minecraft:player_kills":1,"minecraft:crouch_one_cm":2289,"minecraft:play_time":10990,"tombstone:undead_killed":2,"minecraft:deaths":2,"minecraft:sneak_time":956,"minecraft:jump":298,"minecraft:time_since_death":7583,"minecraft:total_world_time":10990,"minecraft:fall_one_cm":5662},"minecraft:mined":{"minecraft:spruce_log":5,"minecraft:crafting_table":1,"minecraft:grass":1,"minecraft:stone":25},"minecraft:dropped":{"minecraft:wooden_pickaxe":1},"minecraft:killed_by":{"minecraft:player":2},"minecraft:killed":{"minecraft:skeleton":1,"minecraft:zombie":1,"minecraft:pig":1,"minecraft:spider":1},"minecraft:picked_up":{"minecraft:crafting_table":1,"minecraft:wooden_pickaxe":1,"minecraft:porkchop":2,"minecraft:spruce_log":5,"minecraft:bone":2,"minecraft:rotten_flesh":2,"mysticalagriculture:inferium_essence":1,"minecraft:black_wool":1,"minecraft:cobblestone":25}},"DataVersion":3337}