{"stats":{"minecraft:crafted":{"minecraft:oak_planks":20,"minecraft:yellow_concrete_powder":8,"biomesoplenty:cherry_planks":28,"minecraft:stone_shovel":1,"biomesoplenty:mahogany_planks":24,"minecraft:furnace":1,"firstaid:plaster":1,"minecraft:cooked_mutton":1,"minecraft:stone_pickaxe":2,"minecraft:crafting_table":3,"minecraft:spruce_planks":20,"minecraft:wooden_pickaxe":1,"minecraft:stone_axe":1,"minecraft:air":0,"minecraft:white_wool":5,"minecraft:yellow_dye":1,"minecraft:shield":1,"minecraft:stick":12,"minecraft:iron_pickaxe":1,"minecraft:iron_ingot":7,"minecraft:stone_sword":1,"firstaid:bandage":1,"minecraft:acacia_planks":44,"minecraft:clay":1},"minecraft:custom":{"minecraft:mob_kills":32,"minecraft:interact_with_crafting_table":27,"minecraft:open_barrel":2,"minecraft:leave_game":7,"minecraft:time_since_death":9275,"minecraft:climb_one_cm":977,"minecraft:sprint_one_cm":327600,"minecraft:walk_one_cm":159010,"minecraft:damage_blocked_by_shield":2020,"minecraft:drop":44,"minecraft:play_time":134137,"minecraft:deaths":8,"minecraft:sneak_time":10781,"minecraft:walk_under_water_one_cm":6266,"minecraft:jump":3428,"minecraft:walk_on_water_one_cm":44035,"minecraft:total_world_time":134137,"minecraft:interact_with_furnace":9,"tombstone:raider_killed":3,"minecraft:sleep_in_bed":2,"minecraft:time_since_rest":9328,"minecraft:waystone_activated":1,"minecraft:damage_taken":1992,"minecraft:damage_dealt":5558,"minecraft:fly_one_cm":636763,"minecraft:swim_one_cm":45904,"minecraft:player_kills":2,"minecraft:open_chest":23,"minecraft:crouch_one_cm":21783,"tombstone:undead_killed":10,"minecraft:fall_one_cm":88655},"minecraft:dropped":{"minecraft:enchanted_book":4,"minecraft:birch_planks":1,"minecraft:porkchop":2,"minecraft:wheat_seeds":4,"minecraft:golden_helmet":1,"minecraft:iron_helmet":1,"minecraft:golden_axe":1,"minecraft:granite":1,"minecraft:jungle_planks":3,"artifacts:universal_attractor":1,"minecraft:leather_helmet":1,"bossominium:the_bossdexium":1,"biomesoplenty:violet":1,"minecraft:dirt":4,"minecraft:rose_bush":1,"tombstone:grave_dust":1,"minecraft:iron_leggings":1,"minecraft:white_wool":1,"minecraft:acacia_planks":1,"minecraft:pillager_spawn_egg":2,"alexsmobs:animal_dictionary":1,"minecraft:raw_iron":1,"biomesoplenty:white_cherry_sapling":1,"minecraft:rotten_flesh":1,"duneons:highlandfern":22,"minecraft:clay_ball":16,"minecraft:poppy":2,"minecraft:leather_chestplate":1,"minecraft:cyan_wool":3,"minecraft:spruce_planks":1,"minecraft:andesite":1,"minecraft:spider_eye":3,"minecraft:stone_pickaxe":1,"minecraft:wooden_pickaxe":2},"minecraft:killed":{"minecraft:cave_spider":1,"minecraft:spider":2,"duneons:wraith":1,"minecraft:skeleton":4,"duneons:squallgolem":1,"minecraft:pig":4,"duneons:mountaineer":2,"minecraft:sheep":1,"minecraft:pillager":3,"minecraft:zombie":6},"minecraft:broken":{"minecraft:stone_pickaxe":1},"minecraft:used":{"biomesoplenty:mahogany_planks":24,"duneons:dungeonbarrel":1,"minecraft:stone_sword":153,"minecraft:stone_shovel":42,"minecraft:shield":64,"minecraft:iron_sword":7,"minecraft:rotten_flesh":5,"minecraft:dirt":10,"minecraft:carrot":2,"duneons:goatgear_chestplate":1,"biomesoplenty:cherry_planks":28,"minecraft:iron_helmet":1,"duneons:goatgear_helmet":2,"minecraft:yellow_concrete_powder":8,"minecraft:basalt":2,"minecraft:furnace":1,"tombstone:gift":3,"minecraft:acacia_planks":29,"minecraft:cooked_mutton":2,"minecraft:stone_pickaxe":169,"minecraft:oak_planks":1,"minecraft:wooden_pickaxe":25,"minecraft:clay":1,"minecraft:crafting_table":6,"minecraft:black_wool":1,"minecraft:bread":1,"minecraft:iron_pickaxe":1,"minecraft:gravel":2,"minecraft:stone_axe":46,"minecraft:cobblestone":103,"minecraft:purple_bed":3,"minecraft:cooked_porkchop":4,"minecraft:porkchop":2,"duneons:highlandfern":1,"minecraft:experience_bottle":1},"minecraft:picked_up":{"minecraft:crafting_table":3,"minecraft:purple_wool":26,"minecraft:clay_ball":36,"minecraft:wooden_pickaxe":1,"biomesoplenty:violet":1,"minecraft:enchanted_book":4,"minecraft:string":26,"minecraft:raw_copper":40,"minecraft:iron_leggings":1,"mysticalagriculture:inferium_essence":18,"minecraft:rose_bush":1,"minecraft:cyan_wool":3,"minecraft:poppy":7,"minecraft:furnace":2,"minecraft:raw_iron":22,"minecraft:stick":2,"minecraft:acacia_log":6,"minecraft:porkchop":4,"duneons:dungeonbarrel":1,"minecraft:arrow":8,"minecraft:rotten_flesh":6,"minecraft:jungle_stairs":1,"alexsmobs:emu_egg":2,"minecraft:white_wool":1,"minecraft:cobblestone":123,"minecraft:basalt":2,"minecraft:andesite":1,"minecraft:acacia_wood":5,"minecraft:birch_planks":1,"minecraft:flint":2,"minecraft:oak_log":5,"minecraft:dirt":15,"tombstone:gift":1,"minecraft:cooked_mutton":1,"minecraft:bone":8,"minecraft:acacia_planks":7,"minecraft:bow":1,"minecraft:wheat_seeds":4,"minecraft:oak_planks":2,"biomesoplenty:cherry_log":7,"minecraft:pillager_spawn_egg":2,"minecraft:cooked_porkchop":4,"minecraft:yellow_concrete":3,"minecraft:dandelion":1,"duneons:highlandfern":23,"minecraft:gravel":23,"minecraft:jungle_planks":3,"minecraft:sand":10,"biomesoplenty:white_cherry_sapling":1,"minecraft:spruce_log":5,"minecraft:spider_eye":3,"biomesoplenty:mahogany_log":6,"minecraft:purple_bed":3,"waystones:waystone":1,"minecraft:granite":1,"duneons:ravagergatewood_3":1,"duneons:keygold":1,"minecraft:black_wool":1,"minecraft:coal":15},"minecraft:killed_by":{"minecraft:player":3,"minecraft:pillager":1,"minecraft:skeleton":2},"minecraft:mined":{"biomesoplenty:cherry_log":8,"duneons:rampartbrazier":1,"minecraft:granite":1,"minecraft:acacia_log":6,"minecraft:grass_block":7,"minecraft:jungle_planks":3,"duneons:highlandtallgrass":5,"biomesoplenty:flowering_oak_leaves":2,"duneons:highlandgrass":1,"duneons:dungeonbarrel":1,"mysticalagriculture:inferium_ore":2,"minecraft:tall_seagrass":1,"minecraft:furnace":1,"minecraft:iron_ore":22,"minecraft:acacia_wood":5,"biomesoplenty:violet":1,"minecraft:andesite":1,"biomesoplenty:pink_cherry_leaves":2,"biomesoplenty:webbing":3,"duneons:glowmelonroot":1,"minecraft:stone":113,"minecraft:dandelion":1,"minecraft:clay":6,"minecraft:crafting_table":3,"minecraft:jungle_stairs":1,"minecraft:poppy":8,"minecraft:rose_bush":1,"minecraft:copper_ore":10,"minecraft:cobblestone":11,"biomesoplenty:sprout":2,"minecraft:oak_planks":2,"minecraft:birch_planks":1,"minecraft:seagrass":1,"minecraft:purple_wool":27,"minecraft:cyan_wool":3,"minecraft:purple_bed":3,"biomesoplenty:white_cherry_leaves":2,"biomesoplenty:mahogany_log":6,"duneons:whitespideregg":1,"minecraft:spruce_log":5,"duneons:highlandfern":23,"duneons:creeperwoodstallgrass":3,"minecraft:grass":10,"minecraft:oak_log":5,"minecraft:coal_ore":15,"minecraft:gravel":24,"minecraft:sand":10,"minecraft:yellow_concrete":3,"minecraft:dirt":6,"biomesoplenty:stringy_cobweb":3,"minecraft:cobweb":24,"minecraft:acacia_planks":1,"minecraft:oak_leaves":7,"minecraft:fern":3}},"DataVersion":3337}