{"stats":{"minecraft:killed":{"minecraft:cave_spider":1,"minecraft:spider":2,"minecraft:skeleton":2,"minecraft:pig":4,"duneons:mountaineer":1,"minecraft:sheep":1,"minecraft:pillager":3,"minecraft:zombie":2},"minecraft:crafted":{"minecraft:yellow_concrete_powder":8,"biomesoplenty:cherry_planks":28,"minecraft:stone_shovel":1,"biomesoplenty:mahogany_planks":24,"minecraft:furnace":1,"firstaid:plaster":1,"minecraft:cooked_mutton":1,"minecraft:stone_pickaxe":2,"minecraft:crafting_table":3,"minecraft:spruce_planks":20,"minecraft:wooden_pickaxe":1,"minecraft:stone_axe":1,"minecraft:air":0,"minecraft:white_wool":5,"minecraft:yellow_dye":1,"minecraft:shield":1,"minecraft:stick":12,"minecraft:iron_ingot":7,"minecraft:stone_sword":1,"firstaid:bandage":1,"minecraft:acacia_planks":24,"minecraft:clay":1},"minecraft:broken":{"minecraft:stone_pickaxe":1},"minecraft:killed_by":{"minecraft:player":3,"minecraft:pillager":1},"minecraft:custom":{"minecraft:mob_kills":20,"minecraft:interact_with_crafting_table":26,"minecraft:open_barrel":2,"minecraft:leave_game":5,"minecraft:time_since_death":0,"minecraft:climb_one_cm":205,"minecraft:sprint_one_cm":256965,"minecraft:walk_one_cm":119479,"minecraft:damage_blocked_by_shield":1250,"minecraft:drop":28,"minecraft:play_time":105735,"minecraft:deaths":5,"minecraft:sneak_time":5563,"minecraft:walk_under_water_one_cm":5602,"minecraft:jump":2832,"minecraft:walk_on_water_one_cm":32252,"minecraft:total_world_time":105735,"minecraft:interact_with_furnace":9,"tombstone:raider_killed":3,"minecraft:sleep_in_bed":2,"minecraft:time_since_rest":1,"minecraft:waystone_activated":1,"minecraft:damage_taken":1276,"minecraft:damage_dealt":3189,"minecraft:fly_one_cm":500014,"minecraft:swim_one_cm":41212,"minecraft:player_kills":2,"minecraft:open_chest":12,"minecraft:crouch_one_cm":10543,"tombstone:undead_killed":4,"minecraft:fall_one_cm":78296},"minecraft:used":{"biomesoplenty:mahogany_planks":24,"minecraft:stone_sword":106,"minecraft:stone_shovel":42,"minecraft:shield":44,"minecraft:rotten_flesh":5,"minecraft:dirt":10,"minecraft:carrot":2,"duneons:goatgear_chestplate":1,"biomesoplenty:cherry_planks":3,"minecraft:iron_helmet":1,"duneons:goatgear_helmet":2,"minecraft:yellow_concrete_powder":3,"minecraft:basalt":2,"minecraft:furnace":1,"minecraft:acacia_planks":4,"minecraft:cooked_mutton":2,"minecraft:stone_pickaxe":164,"minecraft:wooden_pickaxe":25,"minecraft:clay":1,"minecraft:crafting_table":5,"minecraft:black_wool":1,"minecraft:gravel":2,"minecraft:stone_axe":29,"minecraft:cobblestone":85,"minecraft:purple_bed":3,"minecraft:cooked_porkchop":4,"minecraft:porkchop":2,"minecraft:experience_bottle":1},"minecraft:picked_up":{"minecraft:crafting_table":3,"minecraft:purple_wool":26,"minecraft:clay_ball":20,"minecraft:wooden_pickaxe":1,"biomesoplenty:violet":1,"minecraft:string":26,"minecraft:raw_copper":40,"minecraft:iron_leggings":1,"mysticalagriculture:inferium_essence":17,"minecraft:rose_bush":1,"minecraft:poppy":7,"minecraft:furnace":1,"minecraft:raw_iron":22,"minecraft:stick":2,"minecraft:acacia_log":6,"minecraft:porkchop":4,"minecraft:arrow":4,"minecraft:rotten_flesh":6,"alexsmobs:emu_egg":2,"minecraft:white_wool":1,"minecraft:cobblestone":122,"minecraft:basalt":2,"minecraft:andesite":1,"minecraft:flint":1,"minecraft:dirt":14,"minecraft:cooked_mutton":1,"minecraft:bone":6,"minecraft:acacia_planks":7,"minecraft:wheat_seeds":4,"biomesoplenty:cherry_log":7,"minecraft:pillager_spawn_egg":2,"minecraft:cooked_porkchop":4,"minecraft:yellow_concrete":3,"minecraft:dandelion":1,"minecraft:gravel":23,"minecraft:sand":10,"biomesoplenty:white_cherry_sapling":1,"minecraft:spruce_log":5,"minecraft:spider_eye":3,"biomesoplenty:mahogany_log":6,"minecraft:purple_bed":3,"waystones:waystone":1,"minecraft:granite":1,"minecraft:black_wool":1,"minecraft:coal":15},"minecraft:dropped":{"minecraft:porkchop":2,"minecraft:wheat_seeds":4,"minecraft:golden_helmet":1,"minecraft:iron_helmet":1,"minecraft:golden_axe":1,"minecraft:granite":1,"artifacts:universal_attractor":1,"minecraft:leather_helmet":1,"bossominium:the_bossdexium":1,"biomesoplenty:violet":1,"minecraft:dirt":4,"minecraft:rose_bush":1,"minecraft:iron_leggings":1,"minecraft:pillager_spawn_egg":2,"alexsmobs:animal_dictionary":1,"minecraft:raw_iron":1,"biomesoplenty:white_cherry_sapling":1,"minecraft:rotten_flesh":1,"minecraft:poppy":2,"minecraft:leather_chestplate":1,"minecraft:spruce_planks":1,"minecraft:andesite":1,"minecraft:spider_eye":3,"minecraft:wooden_pickaxe":2},"minecraft:mined":{"biomesoplenty:cherry_log":8,"minecraft:granite":1,"minecraft:acacia_log":6,"minecraft:grass_block":7,"biomesoplenty:flowering_oak_leaves":2,"mysticalagriculture:inferium_ore":2,"minecraft:tall_seagrass":1,"minecraft:furnace":1,"minecraft:iron_ore":22,"biomesoplenty:violet":1,"minecraft:andesite":1,"biomesoplenty:pink_cherry_leaves":2,"biomesoplenty:webbing":3,"minecraft:stone":113,"minecraft:dandelion":1,"minecraft:clay":6,"minecraft:crafting_table":3,"minecraft:poppy":8,"minecraft:rose_bush":1,"minecraft:copper_ore":10,"minecraft:cobblestone":10,"biomesoplenty:sprout":2,"minecraft:seagrass":1,"minecraft:purple_wool":27,"minecraft:purple_bed":3,"biomesoplenty:white_cherry_leaves":2,"biomesoplenty:mahogany_log":6,"minecraft:spruce_log":5,"minecraft:grass":10,"minecraft:coal_ore":15,"minecraft:gravel":24,"minecraft:sand":10,"minecraft:yellow_concrete":3,"minecraft:dirt":6,"biomesoplenty:stringy_cobweb":3,"minecraft:cobweb":24,"minecraft:oak_leaves":6,"minecraft:fern":3}},"DataVersion":3337}