{"stats":{"minecraft:used":{"minecraft:cooked_mutton":1,"minecraft:stone_sword":49,"minecraft:stone_pickaxe":74,"minecraft:shield":13,"minecraft:wooden_pickaxe":25,"minecraft:rotten_flesh":5,"minecraft:crafting_table":1,"minecraft:black_wool":1,"biomesoplenty:cherry_planks":3,"minecraft:stone_axe":10,"minecraft:cobblestone":41,"minecraft:porkchop":2},"minecraft:crafted":{"biomesoplenty:cherry_planks":28,"minecraft:crafting_table":1,"minecraft:spruce_planks":20,"minecraft:wooden_pickaxe":1,"minecraft:stone_axe":1,"minecraft:cooked_mutton":1,"minecraft:air":0,"minecraft:white_wool":5,"minecraft:shield":1,"minecraft:stick":8,"minecraft:iron_ingot":1,"minecraft:stone_pickaxe":1,"minecraft:stone_sword":1,"firstaid:bandage":1},"minecraft:custom":{"minecraft:interact_with_furnace":5,"minecraft:mob_kills":7,"tombstone:raider_killed":1,"minecraft:interact_with_crafting_table":10,"minecraft:open_barrel":1,"minecraft:leave_game":1,"minecraft:time_since_death":2167,"minecraft:time_since_rest":2196,"minecraft:waystone_activated":1,"minecraft:sprint_one_cm":112119,"minecraft:damage_taken":624,"minecraft:walk_one_cm":64775,"minecraft:damage_blocked_by_shield":380,"minecraft:drop":4,"minecraft:damage_dealt":1097,"minecraft:swim_one_cm":2465,"minecraft:fly_one_cm":166291,"minecraft:player_kills":1,"minecraft:crouch_one_cm":5055,"minecraft:play_time":41019,"tombstone:undead_killed":3,"minecraft:deaths":3,"minecraft:sneak_time":2294,"minecraft:walk_under_water_one_cm":479,"minecraft:jump":1193,"minecraft:walk_on_water_one_cm":11571,"minecraft:total_world_time":41019,"minecraft:fall_one_cm":25633},"minecraft:mined":{"biomesoplenty:cherry_log":8,"minecraft:crafting_table":1,"minecraft:granite":1,"biomesoplenty:flowering_oak_leaves":2,"minecraft:copper_ore":10,"minecraft:cobblestone":8,"mysticalagriculture:inferium_ore":2,"biomesoplenty:white_cherry_leaves":2,"minecraft:iron_ore":17,"biomesoplenty:violet":1,"minecraft:spruce_log":5,"minecraft:andesite":1,"minecraft:grass":2,"biomesoplenty:pink_cherry_leaves":2,"biomesoplenty:webbing":3,"biomesoplenty:stringy_cobweb":3,"minecraft:cobweb":24,"minecraft:stone":51,"minecraft:oak_leaves":6},"minecraft:dropped":{"minecraft:raw_iron":1,"minecraft:spruce_planks":1,"minecraft:spider_eye":1,"minecraft:wooden_pickaxe":1},"minecraft:killed_by":{"minecraft:player":2,"minecraft:pillager":1},"minecraft:killed":{"minecraft:cave_spider":1,"minecraft:pig":2,"minecraft:spider":1,"minecraft:skeleton":1,"minecraft:pillager":1,"minecraft:zombie":2},"minecraft:picked_up":{"minecraft:crafting_table":1,"minecraft:andesite":1,"minecraft:wooden_pickaxe":1,"biomesoplenty:violet":1,"minecraft:string":25,"minecraft:raw_copper":40,"minecraft:bone":2,"minecraft:wheat_seeds":1,"mysticalagriculture:inferium_essence":13,"biomesoplenty:cherry_log":7,"minecraft:pillager_spawn_egg":1,"minecraft:raw_iron":17,"minecraft:stick":2,"minecraft:porkchop":3,"biomesoplenty:white_cherry_sapling":1,"minecraft:spruce_log":5,"minecraft:spider_eye":3,"minecraft:rotten_flesh":5,"waystones:waystone":1,"minecraft:granite":1,"minecraft:black_wool":1,"minecraft:cobblestone":58}},"DataVersion":3337}