{"stats":{"minecraft:killed":{"minecraft:cave_spider":1,"minecraft:witch":1,"minecraft:spider":7,"duneons:wraith":1,"minecraft:skeleton":7,"duneons:squallgolem":1,"minecraft:pig":4,"minecraft:iron_golem":6,"minecraft:creeper":4,"minecraft:squid":2,"duneons:mountaineer":2,"minecraft:sheep":7,"minecraft:pillager":3,"minecraft:zombie":19},"minecraft:crafted":{"minecraft:black_dye":1,"minecraft:light_gray_concrete_powder":8,"minecraft:oak_planks":20,"minecraft:yellow_concrete_powder":8,"biomesoplenty:cherry_planks":28,"minecraft:stone_shovel":1,"minecraft:iron_nugget":9,"minecraft:purple_bed":1,"biomesoplenty:mahogany_planks":24,"minecraft:furnace":2,"firstaid:plaster":1,"minecraft:cooked_mutton":5,"minecraft:stone_pickaxe":2,"minecraft:chest":1,"cgm:workbench":1,"ironchest:wood_to_copper_chest_upgrade":1,"minecraft:crafting_table":6,"minecraft:spruce_planks":20,"minecraft:wooden_pickaxe":1,"minecraft:copper_ingot":111,"minecraft:stone_axe":1,"minecraft:air":0,"minecraft:white_wool":5,"minecraft:yellow_dye":1,"minecraft:diamond_pickaxe":1,"minecraft:gold_nugget":81,"minecraft:shield":1,"minecraft:stick":16,"minecraft:iron_ingot":23,"minecraft:iron_pickaxe":1,"minecraft:stone_sword":1,"minecraft:gold_ingot":15,"firstaid:bandage":4,"minecraft:light_gray_dye":1,"minecraft:acacia_planks":44,"minecraft:clay":1},"minecraft:broken":{"minecraft:stone_pickaxe":1,"minecraft:shield":1},"minecraft:killed_by":{"minecraft:player":9,"minecraft:pillager":1,"minecraft:skeleton":2,"minecraft:zombie":1},"minecraft:custom":{"minecraft:mob_kills":73,"minecraft:interact_with_crafting_table":38,"minecraft:open_barrel":13,"goblintraders:trade_with_goblin":32,"minecraft:leave_game":8,"minecraft:time_since_death":22975,"minecraft:climb_one_cm":1443,"minecraft:sprint_one_cm":663803,"minecraft:walk_one_cm":399154,"minecraft:damage_blocked_by_shield":2470,"minecraft:drop":100,"minecraft:talked_to_villager":5,"minecraft:play_time":285875,"minecraft:deaths":20,"minecraft:sneak_time":19113,"minecraft:walk_under_water_one_cm":15945,"minecraft:jump":6229,"minecraft:walk_on_water_one_cm":71061,"minecraft:total_world_time":285875,"minecraft:interact_with_furnace":34,"tombstone:raider_killed":4,"minecraft:sleep_in_bed":4,"minecraft:waystone_activated":4,"minecraft:time_since_rest":23003,"minecraft:damage_taken":4445,"minecraft:damage_dealt":8161,"minecraft:player_kills":9,"minecraft:swim_one_cm":95147,"minecraft:fly_one_cm":1056190,"minecraft:crouch_one_cm":32891,"minecraft:open_chest":34,"tombstone:undead_killed":26,"minecraft:fall_one_cm":152634},"minecraft:picked_up":{"minecraft:crafting_table":4,"duneons:lobbydirtystone":2,"cgm:basic_bullet":64,"minecraft:purple_wool":26,"minecraft:clay_ball":56,"minecraft:smithing_table":1,"minecraft:wooden_pickaxe":1,"biomesoplenty:violet":1,"minecraft:enchanted_book":4,"minecraft:string":40,"minecraft:raw_copper":91,"duneons:goatgear_helmet":1,"minecraft:iron_leggings":1,"cgm:shotgun":2,"mysticalagriculture:inferium_essence":94,"minecraft:cobbled_deepslate":465,"minecraft:bucket":1,"minecraft:rose_bush":1,"minecraft:cyan_wool":3,"minecraft:calcite":1,"minecraft:poppy":16,"cgm:advanced_bullet":64,"minecraft:furnace":3,"minecraft:stick":4,"minecraft:raw_iron":49,"mysticalagriculture:prosperity_shard":11,"minecraft:acacia_log":6,"minecraft:porkchop":4,"tombstone:grave_dust":1,"minecraft:diorite":22,"minecraft:redstone":9,"duneons:dungeonbarrel":1,"minecraft:arrow":11,"minecraft:rotten_flesh":11,"minecraft:jungle_stairs":1,"alexsmobs:emu_egg":2,"minecraft:mutton":10,"minecraft:white_wool":7,"minecraft:cobblestone":274,"minecraft:oxeye_daisy":1,"minecraft:cooked_beef":6,"minecraft:basalt":2,"minecraft:andesite":7,"minecraft:acacia_wood":5,"minecraft:birch_planks":1,"minecraft:flint":2,"minecraft:tuff":143,"minecraft:oak_log":5,"minecraft:yellow_bed":1,"minecraft:gunpowder":53,"minecraft:dirt":30,"tombstone:gift":1,"minecraft:cooked_mutton":2,"minecraft:bone":9,"minecraft:acacia_planks":7,"minecraft:bow":1,"minecraft:wheat_seeds":4,"minecraft:raw_gold":12,"minecraft:iron_ingot":27,"minecraft:oak_planks":9,"biomesoplenty:cherry_log":7,"ironchest:wood_to_copper_chest_upgrade":1,"minecraft:pillager_spawn_egg":2,"minecraft:sheep_spawn_egg":1,"minecraft:cooked_porkchop":4,"cgm:rifle":1,"minecraft:yellow_concrete":3,"minecraft:dandelion":1,"duneons:highlandfern":23,"minecraft:gravel":24,"minecraft:sand":10,"minecraft:jungle_planks":3,"biomesoplenty:white_cherry_sapling":1,"minecraft:ink_sac":1,"minecraft:spruce_log":5,"minecraft:spider_eye":3,"travelersbackpack:standard":2,"cgm:shell":144,"minecraft:light_gray_concrete":3,"biomesoplenty:mahogany_log":6,"minecraft:purple_bed":4,"minecraft:diamond":7,"waystones:waystone":3,"minecraft:granite":27,"duneons:ravagergatewood_3":1,"duneons:keygold":1,"cgm:workbench":1,"minecraft:black_wool":1,"minecraft:coal":45},"minecraft:used":{"duneons:dungeonbarrel":1,"biomesoplenty:mahogany_planks":24,"minecraft:stone_sword":153,"minecraft:stone_shovel":42,"minecraft:chest":1,"minecraft:shield":68,"minecraft:iron_sword":68,"minecraft:rotten_flesh":6,"minecraft:mutton":3,"minecraft:dirt":24,"cgm:workbench":2,"minecraft:carrot":2,"minecraft:tuff":2,"cgm:rifle":64,"duneons:goatgear_chestplate":1,"biomesoplenty:cherry_planks":28,"cgm:shotgun":29,"minecraft:iron_helmet":1,"duneons:goatgear_helmet":2,"minecraft:yellow_concrete_powder":8,"minecraft:basalt":2,"minecraft:furnace":4,"tombstone:gift":5,"minecraft:cooked_beef":2,"minecraft:cobbled_deepslate":77,"minecraft:acacia_planks":29,"minecraft:cooked_mutton":5,"minecraft:oak_planks":1,"minecraft:stone_pickaxe":169,"minecraft:wooden_pickaxe":25,"minecraft:diamond_axe":11,"minecraft:sheep_spawn_egg":1,"minecraft:clay":1,"ironchest:wood_to_copper_chest_upgrade":1,"minecraft:white_wool":2,"minecraft:crafting_table":10,"minecraft:light_gray_concrete_powder":8,"waystones:waystone":2,"minecraft:black_wool":1,"minecraft:diamond_pickaxe":324,"minecraft:iron_pickaxe":249,"minecraft:bread":1,"minecraft:gravel":2,"minecraft:stone_axe":46,"travelersbackpack:standard":3,"minecraft:purple_bed":5,"minecraft:porkchop":2,"minecraft:cobblestone":197,"minecraft:cooked_porkchop":4,"minecraft:bucket":3,"minecraft:andesite":5,"duneons:highlandfern":1,"minecraft:experience_bottle":1},"minecraft:dropped":{"minecraft:water_bucket":1,"minecraft:enchanted_book":4,"minecraft:birch_planks":1,"minecraft:porkchop":2,"duneons:goatgear_chestplate":1,"minecraft:wheat_seeds":4,"minecraft:golden_helmet":1,"duneons:burstgale":1,"minecraft:golden_axe":1,"minecraft:iron_helmet":1,"minecraft:cobblestone":49,"minecraft:spectral_arrow":1,"minecraft:granite":19,"minecraft:jungle_planks":3,"artifacts:universal_attractor":1,"minecraft:leather_helmet":1,"bossominium:the_bossdexium":1,"minecraft:stick":5,"minecraft:flint":1,"biomesoplenty:violet":1,"minecraft:dirt":6,"minecraft:mutton":1,"minecraft:rose_bush":1,"duneons:ravagergateiron":1,"tombstone:grave_dust":3,"minecraft:iron_leggings":1,"duneons:goatgear_helmet":2,"minecraft:sand":2,"minecraft:iron_pickaxe":1,"minecraft:string":3,"minecraft:white_wool":1,"minecraft:acacia_planks":1,"minecraft:redstone":9,"minecraft:gravel":13,"duneons:ravagergatewood_3":1,"minecraft:pillager_spawn_egg":2,"cgm:shotgun":1,"alexsmobs:animal_dictionary":1,"minecraft:cobbled_deepslate":266,"minecraft:raw_copper":5,"ironchest:wood_to_copper_chest_upgrade":1,"minecraft:tuff":68,"minecraft:obsidian":6,"minecraft:raw_iron":1,"biomesoplenty:white_cherry_sapling":1,"minecraft:rotten_flesh":5,"duneons:highlandfern":22,"minecraft:clay_ball":36,"minecraft:poppy":11,"minecraft:leather_chestplate":1,"minecraft:cyan_wool":3,"minecraft:spruce_planks":1,"minecraft:andesite":2,"minecraft:yellow_bed":1,"minecraft:spider_eye":3,"minecraft:arrow":2,"minecraft:stone_pickaxe":1,"minecraft:wooden_pickaxe":2,"minecraft:calcite":1},"minecraft:mined":{"mysticalagriculture:prosperity_ore":4,"minecraft:tuff":79,"biomesoplenty:cherry_log":8,"minecraft:deepslate_diamond_ore":10,"luckytntmod:deepslate_gunpowder_ore":7,"duneons:rampartbrazier":1,"minecraft:granite":9,"minecraft:acacia_log":6,"minecraft:grass_block":21,"minecraft:jungle_planks":3,"duneons:highlandtallgrass":5,"biomesoplenty:flowering_oak_leaves":2,"duneons:highlandgrass":1,"duneons:dungeonbarrel":1,"minecraft:oxeye_daisy":1,"mysticalagriculture:inferium_ore":26,"cgm:workbench":1,"minecraft:tall_seagrass":1,"minecraft:furnace":2,"minecraft:iron_ore":39,"minecraft:cobbled_deepslate":16,"minecraft:acacia_wood":5,"biomesoplenty:violet":1,"minecraft:andesite":9,"biomesoplenty:pink_cherry_leaves":2,"minecraft:deepslate_iron_ore":10,"biomesoplenty:webbing":3,"minecraft:light_gray_concrete":3,"duneons:glowmelonroot":1,"minecraft:stone":218,"minecraft:smithing_table":1,"minecraft:deepslate_redstone_ore":2,"minecraft:dandelion":1,"travelersbackpack:standard":1,"minecraft:clay":7,"minecraft:crafting_table":4,"minecraft:jungle_stairs":1,"minecraft:calcite":1,"minecraft:poppy":8,"minecraft:rose_bush":1,"minecraft:copper_ore":17,"minecraft:cobblestone":17,"biomesoplenty:sprout":3,"minecraft:deepslate_gold_ore":5,"minecraft:oak_planks":10,"minecraft:diorite":19,"minecraft:deepslate_copper_ore":6,"minecraft:purple_bed":3,"minecraft:seagrass":1,"minecraft:purple_wool":27,"minecraft:cyan_wool":3,"minecraft:birch_planks":1,"biomesoplenty:white_cherry_leaves":2,"biomesoplenty:mahogany_log":6,"duneons:whitespideregg":1,"minecraft:spruce_log":5,"duneons:highlandfern":23,"minecraft:yellow_bed":2,"duneons:creeperwoodstallgrass":3,"minecraft:grass":10,"minecraft:coal_ore":27,"minecraft:oak_log":5,"minecraft:gravel":27,"minecraft:dirt":8,"minecraft:yellow_concrete":3,"minecraft:sand":10,"duneons:lobbydirtystone":2,"biomesoplenty:stringy_cobweb":3,"minecraft:cobweb":24,"minecraft:acacia_planks":1,"minecraft:gold_ore":7,"minecraft:oak_leaves":8,"mysticalagriculture:deepslate_inferium_ore":1,"minecraft:deepslate":200,"minecraft:fern":5,"luckytntmod:gunpowder_ore":6}},"DataVersion":3337}