{"stats":{"minecraft:killed_by":{"minecraft:player":1},"minecraft:picked_up":{"minecraft:tuff":73,"minecraft:bone":8,"minecraft:oak_planks":1,"minecraft:cobbled_deepslate":58},"minecraft:custom":{"minecraft:jump":32,"minecraft:open_chest":2,"minecraft:time_since_rest":1221,"minecraft:interact_with_smithing_table":1,"minecraft:waystone_activated":2,"minecraft:damage_taken":268,"minecraft:leave_game":2,"minecraft:play_time":4510,"minecraft:sprint_one_cm":4631,"minecraft:time_since_death":1134,"minecraft:walk_on_water_one_cm":157,"minecraft:walk_one_cm":8922,"minecraft:sneak_time":1,"minecraft:total_world_time":4510,"minecraft:fly_one_cm":6187,"minecraft:fall_one_cm":894,"minecraft:deaths":1}},"DataVersion":3337}