{"stats":{"minecraft:killed_by":{"minecraft:player":1},"minecraft:picked_up":{"minecraft:tuff":73,"minecraft:bone":8,"minecraft:oak_planks":1,"minecraft:cobbled_deepslate":58},"minecraft:custom":{"minecraft:jump":32,"minecraft:open_chest":2,"minecraft:time_since_rest":3325,"minecraft:interact_with_smithing_table":1,"minecraft:waystone_activated":2,"minecraft:leave_game":3,"minecraft:time_since_death":3238,"minecraft:play_time":6614,"minecraft:sprint_one_cm":4631,"minecraft:walk_one_cm":9416,"minecraft:walk_on_water_one_cm":157,"minecraft:deaths":1,"minecraft:sneak_time":1,"minecraft:total_world_time":6614,"minecraft:fly_one_cm":6187,"minecraft:fall_one_cm":894,"minecraft:damage_taken":268}},"DataVersion":3337}