{"stats":{"minecraft:mined":{"minecraft:grass_block":2,"minecraft:coal_ore":18,"minecraft:dirt":6,"minecraft:spruce_leaves":3,"minecraft:spruce_log":29,"minecraft:stone":124,"minecraft:crafting_table":1},"minecraft:broken":{"minecraft:stone_pickaxe":1},"minecraft:custom":{"minecraft:time_since_rest":8112,"minecraft:crouch_one_cm":7104,"minecraft:play_time":8112,"minecraft:sprint_one_cm":1937,"minecraft:walk_one_cm":8610,"minecraft:sneak_time":3350,"minecraft:jump":40,"minecraft:leave_game":2,"minecraft:time_since_death":8112,"minecraft:total_world_time":8112,"minecraft:fly_one_cm":531,"minecraft:interact_with_crafting_table":2},"minecraft:used":{"minecraft:stone_axe":24,"minecraft:crafting_table":1,"minecraft:stone_pickaxe":131,"minecraft:wooden_pickaxe":11},"minecraft:crafted":{"minecraft:stone_sword":1,"minecraft:crafting_table":1,"minecraft:stone_axe":1,"minecraft:spruce_planks":116,"minecraft:stick":16,"minecraft:wooden_pickaxe":1,"minecraft:stone_pickaxe":1},"minecraft:picked_up":{"minecraft:stick":5,"minecraft:crafting_table":1,"minecraft:spruce_sapling":1,"minecraft:spruce_log":29,"minecraft:coal":18,"minecraft:dirt":8,"minecraft:cobblestone":117}},"DataVersion":3465}