{"stats":{"minecraft:picked_up":{"minecraft:tuff":73,"minecraft:bone":8,"minecraft:oak_planks":1,"minecraft:cobbled_deepslate":58},"minecraft:custom":{"minecraft:jump":29,"minecraft:open_chest":2,"minecraft:time_since_rest":3006,"minecraft:interact_with_smithing_table":1,"minecraft:waystone_activated":2,"minecraft:leave_game":1,"minecraft:damage_taken":80,"minecraft:sprint_one_cm":3769,"minecraft:play_time":3006,"minecraft:walk_on_water_one_cm":78,"minecraft:time_since_death":3006,"minecraft:walk_one_cm":6668,"minecraft:sneak_time":1,"minecraft:total_world_time":3006,"minecraft:fall_one_cm":894,"minecraft:fly_one_cm":5109}},"DataVersion":3337}