{"stats":{"minecraft:crafted":{"minecraft:oak_planks":52,"minecraft:crafting_table":1,"minecraft:stick":20,"minecraft:wooden_pickaxe":1,"minecraft:wooden_axe":1},"minecraft:used":{"minecraft:wooden_axe":10,"minecraft:crafting_table":1},"minecraft:picked_up":{"minecraft:crafting_table":1,"minecraft:oak_log":13},"minecraft:custom":{"minecraft:time_since_rest":3325,"minecraft:crouch_one_cm":292,"minecraft:play_time":3325,"minecraft:sprint_one_cm":6545,"minecraft:damage_taken":10,"minecraft:walk_one_cm":7098,"minecraft:sneak_time":122,"minecraft:jump":53,"minecraft:damage_dealt":118,"minecraft:leave_game":1,"minecraft:time_since_death":3325,"minecraft:total_world_time":3325,"minecraft:interact_with_crafting_table":2,"minecraft:fall_one_cm":1664,"minecraft:fly_one_cm":14804},"minecraft:mined":{"minecraft:grass":2,"minecraft:oak_log":13,"biomesoplenty:desert_grass":2,"minecraft:crafting_table":1}},"DataVersion":3337}