{"stats":{"minecraft:killed":{"minecraft:sheep":1,"minecraft:pig":4,"minecraft:chicken":4,"minecraft:cow":4},"minecraft:crafted":{"minecraft:cooked_beef":7,"minecraft:oak_planks":52,"minecraft:cooked_porkchop":2,"minecraft:shield":1,"minecraft:crafting_table":1,"minecraft:stick":84,"minecraft:iron_pickaxe":1,"biomesoplenty:redwood_planks":32,"minecraft:iron_ingot":4,"minecraft:wooden_pickaxe":1,"minecraft:stone_pickaxe":1,"minecraft:wooden_axe":1,"minecraft:stone_sword":1,"minecraft:furnace":1,"minecraft:stone_axe":1,"minecraft:air":0},"minecraft:killed_by":{"minecraft:skeleton":1},"minecraft:used":{"minecraft:wooden_axe":10,"minecraft:stone_sword":8,"minecraft:stone_pickaxe":66,"minecraft:iron_pickaxe":1,"minecraft:wooden_pickaxe":8,"minecraft:stone_axe":17,"minecraft:dirt":3,"minecraft:cobblestone":15,"minecraft:crafting_table":3,"minecraft:cooked_porkchop":2,"minecraft:furnace":1},"minecraft:picked_up":{"biomesoplenty:redwood_log":8,"minecraft:raw_iron":4,"minecraft:crafting_table":3,"minecraft:feather":3,"minecraft:chicken":4,"minecraft:leather":5,"minecraft:porkchop":9,"minecraft:oak_log":13,"minecraft:dirt":3,"minecraft:raw_copper":27,"mysticalagriculture:inferium_essence":3,"minecraft:beef":7,"minecraft:stone_pickaxe":1,"minecraft:mutton":2,"minecraft:sugar_cane":14,"minecraft:white_wool":1,"minecraft:coal":5,"minecraft:egg":2,"minecraft:cobblestone":56,"minecraft:furnace":1},"minecraft:custom":{"minecraft:time_since_rest":275,"minecraft:interact_with_furnace":13,"minecraft:sprint_one_cm":85794,"minecraft:damage_taken":450,"minecraft:walk_one_cm":62614,"minecraft:mob_kills":13,"minecraft:drop":7,"minecraft:damage_dealt":1164,"minecraft:swim_one_cm":40523,"minecraft:interact_with_crafting_table":11,"minecraft:fly_one_cm":185776,"minecraft:crouch_one_cm":4995,"minecraft:play_time":28817,"minecraft:deaths":2,"minecraft:sneak_time":1370,"minecraft:walk_under_water_one_cm":3486,"minecraft:jump":862,"minecraft:leave_game":2,"minecraft:time_since_death":0,"minecraft:walk_on_water_one_cm":5541,"minecraft:total_world_time":28817,"minecraft:fall_one_cm":19037},"minecraft:dropped":{"mysticalagriculture:inferium_essence":3,"minecraft:wooden_axe":1,"minecraft:stone_pickaxe":1,"minecraft:wooden_pickaxe":1,"minecraft:stick":11},"minecraft:mined":{"minecraft:furnace":1,"minecraft:iron_ore":4,"biomesoplenty:desert_grass":2,"minecraft:crafting_table":3,"minecraft:grass":2,"minecraft:coal_ore":5,"minecraft:grass_block":1,"minecraft:oak_log":13,"biomesoplenty:redwood_log":8,"minecraft:dirt":2,"biomesoplenty:stringy_cobweb":1,"minecraft:copper_ore":8,"biomesoplenty:sprout":1,"biomesoplenty:spider_egg":1,"minecraft:stone":56,"minecraft:sugar_cane":6,"minecraft:fern":4}},"DataVersion":3337}