{"stats":{"minecraft:killed":{"minecraft:pig":3},"minecraft:dropped":{"minecraft:stick":7},"minecraft:mined":{"minecraft:podzol":1,"minecraft:grass_block":1,"minecraft:coal_ore":15,"minecraft:dirt":2,"minecraft:spruce_leaves":5,"minecraft:spruce_log":32,"minecraft:stone":17,"minecraft:crafting_table":2},"minecraft:custom":{"minecraft:time_since_rest":6698,"minecraft:crouch_one_cm":1893,"minecraft:play_time":6698,"minecraft:sprint_one_cm":8827,"minecraft:walk_one_cm":8689,"minecraft:sneak_time":805,"minecraft:mob_kills":3,"minecraft:drop":7,"minecraft:jump":61,"minecraft:damage_dealt":300,"minecraft:leave_game":2,"minecraft:time_since_death":6698,"minecraft:total_world_time":6698,"minecraft:interact_with_crafting_table":3,"minecraft:fly_one_cm":10194,"minecraft:fall_one_cm":1432},"minecraft:used":{"minecraft:wooden_axe":1,"minecraft:stone_axe":31,"minecraft:dirt":4,"minecraft:crafting_table":2,"minecraft:stone_pickaxe":29,"minecraft:wooden_pickaxe":3},"minecraft:crafted":{"minecraft:stone_sword":1,"minecraft:stone_axe":1,"minecraft:crafting_table":1,"minecraft:spruce_planks":84,"minecraft:stick":44,"minecraft:stone_pickaxe":1,"minecraft:wooden_pickaxe":1,"minecraft:wooden_axe":1},"minecraft:picked_up":{"minecraft:stick":4,"minecraft:crafting_table":2,"minecraft:porkchop":8,"minecraft:spruce_sapling":2,"minecraft:spruce_log":30,"minecraft:coal":15,"minecraft:dirt":4,"minecraft:cobblestone":17}},"DataVersion":3465}