{"stats":{"minecraft:killed":{"minecraft:pig":2,"minecraft:cow":4},"minecraft:crafted":{"minecraft:oak_planks":52,"minecraft:crafting_table":1,"minecraft:stick":84,"biomesoplenty:redwood_planks":32,"minecraft:wooden_pickaxe":1,"minecraft:stone_pickaxe":1,"minecraft:wooden_axe":1,"minecraft:stone_sword":1,"minecraft:stone_axe":1},"minecraft:used":{"minecraft:wooden_axe":10,"minecraft:stone_pickaxe":33,"minecraft:wooden_pickaxe":8,"minecraft:stone_axe":15,"minecraft:dirt":3,"minecraft:cobblestone":8,"minecraft:crafting_table":2},"minecraft:picked_up":{"biomesoplenty:redwood_log":8,"minecraft:raw_iron":4,"minecraft:crafting_table":2,"minecraft:leather":5,"minecraft:porkchop":6,"minecraft:oak_log":13,"minecraft:dirt":3,"minecraft:raw_copper":27,"mysticalagriculture:inferium_essence":1,"minecraft:beef":7,"minecraft:sugar_cane":14,"minecraft:coal":5,"minecraft:cobblestone":23},"minecraft:custom":{"minecraft:time_since_rest":11626,"minecraft:sprint_one_cm":30141,"minecraft:damage_taken":20,"minecraft:walk_one_cm":31403,"minecraft:mob_kills":6,"minecraft:drop":4,"minecraft:damage_dealt":718,"minecraft:swim_one_cm":4109,"minecraft:interact_with_crafting_table":3,"minecraft:fly_one_cm":67418,"minecraft:crouch_one_cm":2729,"minecraft:play_time":11626,"minecraft:sneak_time":915,"minecraft:walk_under_water_one_cm":135,"minecraft:jump":301,"minecraft:leave_game":1,"minecraft:time_since_death":11626,"minecraft:walk_on_water_one_cm":356,"minecraft:total_world_time":11626,"minecraft:fall_one_cm":7760},"minecraft:dropped":{"mysticalagriculture:inferium_essence":1,"minecraft:wooden_axe":1,"minecraft:wooden_pickaxe":1,"minecraft:stick":11},"minecraft:mined":{"minecraft:iron_ore":4,"biomesoplenty:desert_grass":2,"minecraft:crafting_table":2,"minecraft:grass":2,"minecraft:coal_ore":5,"minecraft:grass_block":1,"minecraft:oak_log":13,"biomesoplenty:redwood_log":8,"minecraft:dirt":2,"biomesoplenty:stringy_cobweb":1,"minecraft:copper_ore":8,"biomesoplenty:spider_egg":1,"minecraft:stone":23,"minecraft:sugar_cane":6}},"DataVersion":3337}