{"stats":{"minecraft:custom":{"minecraft:time_since_rest":4063,"minecraft:waystone_activated":1,"minecraft:sprint_one_cm":71478,"minecraft:damage_taken":333,"minecraft:walk_one_cm":46011,"minecraft:mob_kills":12,"minecraft:drop":9,"minecraft:damage_dealt":1764,"minecraft:interact_with_crafting_table":8,"minecraft:fly_one_cm":140745,"minecraft:open_chest":2,"minecraft:play_time":26208,"minecraft:crouch_one_cm":3173,"tombstone:undead_killed":1,"minecraft:deaths":2,"minecraft:sneak_time":1918,"minecraft:jump":621,"minecraft:leave_game":3,"minecraft:time_since_death":3962,"minecraft:total_world_time":26208,"minecraft:fall_one_cm":13651},"minecraft:used":{"alexsmobs:emu_egg":1,"bloodandmadness:weapons/lit_torch":2,"minecraft:iron_axe":1,"minecraft:stone_pickaxe":6,"minecraft:wooden_pickaxe":4,"duneons:beehive_helmet":1,"duneons:rapier":27,"minecraft:dirt":1,"minecraft:crafting_table":2,"minecraft:porkchop":1,"alexsmobs:animal_dictionary":1,"duneons:beehive_chestplate":1},"minecraft:picked_up":{"minecraft:crafting_table":1,"minecraft:leather":5,"minecraft:acacia_log":3,"minecraft:porkchop":4,"minecraft:spruce_log":1,"minecraft:dirt":6,"minecraft:string":1,"alexsmobs:animal_dictionary":1,"duneons:coin":2,"minecraft:tnt":16,"minecraft:bone":4,"minecraft:arrow":1,"mysticalagriculture:inferium_essence":2,"duneons:featherblue":1,"bossominium:the_bossdexium":1,"minecraft:beef":11,"minecraft:iron_block":5,"alexsmobs:emu_egg":1,"duneons:smallbow":1,"bloodandmadness:weapons/lit_torch":1,"minecraft:cobblestone":3},"minecraft:dropped":{"minecraft:dirt":5,"alexsmobs:animal_dictionary":2,"minecraft:stone_pickaxe":1,"minecraft:wooden_pickaxe":1,"bossominium:the_bossdexium":2,"minecraft:bone":2},"minecraft:crafted":{"minecraft:iron_boots":1,"minecraft:iron_chestplate":1,"minecraft:iron_axe":1,"minecraft:crafting_table":2,"minecraft:spruce_planks":4,"minecraft:stick":8,"minecraft:stone_pickaxe":1,"minecraft:iron_helmet":1,"minecraft:iron_pickaxe":1,"minecraft:wooden_pickaxe":1,"minecraft:iron_ingot":36,"minecraft:iron_leggings":1,"minecraft:acacia_planks":12},"minecraft:mined":{"biomesoplenty:desert_grass":1,"minecraft:spruce_log":1,"minecraft:tnt":16,"minecraft:crafting_table":1,"minecraft:grass":10,"minecraft:acacia_log":3,"minecraft:grass_block":4,"minecraft:dirt":2,"minecraft:tall_grass":1,"minecraft:stone":3,"minecraft:iron_block":5},"minecraft:killed_by":{"minecraft:creeper":1,"bloodandmadness:beast_patient":1},"minecraft:killed":{"minecraft:skeleton":1,"minecraft:pig":1,"duneons:pigchest":1,"bloodandmadness:huntsman_axe":1,"minecraft:spider":2,"minecraft:cow":6}},"DataVersion":3337}