{"stats":{"minecraft:used":{"minecraft:cooked_mutton":4,"minecraft:stone_sword":64,"minecraft:stone_pickaxe":41,"minecraft:shield":22,"minecraft:wooden_pickaxe":15,"minecraft:iron_sword":117,"minecraft:dirt":2,"minecraft:mutton":2,"minecraft:crafting_table":9,"minecraft:white_bed":4,"biomesoplenty:cherry_boat":1,"biomesoplenty:cherry_planks":20,"minecraft:iron_axe":29,"minecraft:iron_pickaxe":105,"minecraft:stone_axe":40,"minecraft:furnace":5,"tombstone:gift":3,"minecraft:experience_bottle":1},"minecraft:crafted":{"biomesoplenty:cherry_planks":132,"minecraft:crafting_table":3,"minecraft:spruce_planks":16,"minecraft:iron_helmet":1,"minecraft:iron_sword":1,"biomesoplenty:cherry_boat":1,"minecraft:furnace":2,"minecraft:stone_axe":1,"minecraft:cooked_mutton":4,"minecraft:air":0,"minecraft:iron_boots":1,"minecraft:iron_chestplate":1,"minecraft:white_wool":5,"minecraft:raw_copper":18,"minecraft:shield":1,"minecraft:iron_axe":1,"minecraft:stick":24,"minecraft:iron_ingot":32,"minecraft:iron_pickaxe":1,"minecraft:stone_pickaxe":1,"minecraft:stone_sword":1,"minecraft:iron_leggings":1,"firstaid:bandage":4,"minecraft:white_bed":2},"minecraft:custom":{"minecraft:interact_with_furnace":33,"minecraft:mob_kills":34,"tombstone:raider_killed":10,"minecraft:interact_with_crafting_table":49,"minecraft:open_barrel":1,"minecraft:time_since_death":1059,"minecraft:sleep_in_bed":1,"minecraft:time_since_rest":1084,"minecraft:sprint_one_cm":170728,"minecraft:damage_taken":2169,"minecraft:walk_one_cm":96548,"minecraft:damage_blocked_by_shield":680,"minecraft:drop":22,"minecraft:damage_dealt":5690,"minecraft:swim_one_cm":37760,"minecraft:fly_one_cm":395358,"minecraft:player_kills":2,"minecraft:open_chest":8,"minecraft:crouch_one_cm":11652,"minecraft:play_time":71750,"tombstone:undead_killed":10,"minecraft:deaths":12,"minecraft:sneak_time":4374,"minecraft:walk_under_water_one_cm":1504,"minecraft:boat_one_cm":14982,"minecraft:jump":2007,"minecraft:walk_on_water_one_cm":6556,"minecraft:total_world_time":71750,"minecraft:fall_one_cm":38848},"minecraft:mined":{"mysticalagriculture:prosperity_ore":3,"minecraft:white_bed":2,"biomesoplenty:cherry_log":34,"minecraft:brown_carpet":1,"minecraft:crafting_table":7,"minecraft:granite":3,"biomesoplenty:bush":1,"minecraft:grass_block":2,"biomesoplenty:cherry_planks":18,"minecraft:mushroom_stem":4,"minecraft:copper_ore":16,"minecraft:lapis_ore":6,"minecraft:sugar_cane":4,"minecraft:diorite":7,"mysticalagriculture:inferium_ore":2,"minecraft:furnace":3,"minecraft:iron_ore":21,"minecraft:lilac":1,"minecraft:spruce_log":4,"minecraft:purple_concrete":2,"biomesoplenty:hanging_cobweb":2,"minecraft:grass":17,"minecraft:coal_ore":22,"biomesoplenty:glowshroom_block":1,"biomesoplenty:pink_cherry_leaves":4,"biomesoplenty:webbing":11,"minecraft:dirt":1,"minecraft:gravel":12,"biomesoplenty:stringy_cobweb":6,"minecraft:cobweb":37,"minecraft:raw_copper_block":2,"minecraft:stone":35,"biomesoplenty:spider_egg":1,"minecraft:gold_ore":12,"luckytntmod:gunpowder_ore":3},"minecraft:killed_by":{"minecraft:player":1,"minecraft:skeleton":3,"minecraft:creeper":2,"minecraft:pillager":6},"minecraft:killed":{"minecraft:cave_spider":2,"minecraft:bat":1,"minecraft:sheep":10,"minecraft:skeleton":1,"minecraft:pillager":10,"minecraft:zombie":9},"minecraft:dropped":{"minecraft:enchanted_book":1,"minecraft:gravel":7,"minecraft:stone_axe":1,"minecraft:wheat_seeds":3,"minecraft:lilac":1,"minecraft:stone_sword":1,"alexsmobs:animal_dictionary":1,"tombstone:gift":1,"minecraft:granite":3,"bossominium:the_bossdexium":1,"minecraft:flint":2,"minecraft:diorite":7,"mysticalagriculture:inferium_essence":3,"tombstone:grave_dust":3,"minecraft:stone_pickaxe":2,"minecraft:wooden_pickaxe":1,"minecraft:black_wool":1},"minecraft:picked_up":{"minecraft:crafting_table":7,"minecraft:lilac":1,"minecraft:wooden_pickaxe":1,"minecraft:flint":2,"minecraft:gunpowder":10,"minecraft:dirt":22,"minecraft:lapis_lazuli":33,"minecraft:string":38,"tombstone:gift":1,"minecraft:raw_copper":53,"minecraft:wheat_seeds":5,"mysticalagriculture:inferium_essence":4,"minecraft:raw_gold":12,"minecraft:spruce_planks":2,"minecraft:iron_ingot":3,"minecraft:stone_pickaxe":1,"biomesoplenty:cherry_planks":49,"minecraft:sugar_cane":9,"biomesoplenty:cherry_log":33,"minecraft:purple_concrete":2,"minecraft:raw_copper_block":2,"minecraft:furnace":3,"minecraft:raw_iron":22,"mysticalagriculture:prosperity_shard":8,"minecraft:gravel":10,"tombstone:grave_dust":2,"minecraft:diorite":7,"minecraft:white_bed":2,"minecraft:spruce_log":4,"minecraft:brown_carpet":1,"minecraft:spider_eye":1,"minecraft:rotten_flesh":1,"minecraft:granite":3,"minecraft:gray_wool":2,"minecraft:black_wool":1,"minecraft:mutton":13,"minecraft:coal":22,"minecraft:white_wool":10,"minecraft:cobblestone":34}},"DataVersion":3337}