{"stats":{"minecraft:used":{"minecraft:cooked_mutton":3,"minecraft:stone_sword":61,"minecraft:stone_pickaxe":41,"minecraft:shield":8,"minecraft:wooden_pickaxe":15,"minecraft:iron_sword":37,"minecraft:mutton":1,"minecraft:crafting_table":4,"biomesoplenty:cherry_planks":4,"minecraft:iron_axe":1,"minecraft:iron_pickaxe":38,"minecraft:stone_axe":40,"minecraft:furnace":2,"tombstone:gift":2},"minecraft:crafted":{"biomesoplenty:cherry_planks":124,"minecraft:crafting_table":2,"minecraft:spruce_planks":16,"minecraft:iron_sword":1,"minecraft:furnace":1,"minecraft:stone_axe":1,"minecraft:cooked_mutton":4,"minecraft:air":0,"minecraft:white_wool":3,"minecraft:raw_copper":18,"minecraft:shield":1,"minecraft:iron_axe":1,"minecraft:stick":24,"minecraft:iron_ingot":16,"minecraft:iron_pickaxe":1,"minecraft:stone_pickaxe":1,"minecraft:stone_sword":1,"firstaid:bandage":2},"minecraft:custom":{"minecraft:interact_with_furnace":23,"minecraft:mob_kills":13,"minecraft:interact_with_crafting_table":26,"minecraft:time_since_death":25545,"minecraft:time_since_rest":25568,"minecraft:sprint_one_cm":74423,"minecraft:damage_taken":563,"minecraft:walk_one_cm":58424,"minecraft:damage_blocked_by_shield":170,"minecraft:drop":12,"minecraft:damage_dealt":2111,"minecraft:swim_one_cm":1868,"minecraft:fly_one_cm":165976,"minecraft:player_kills":2,"minecraft:crouch_one_cm":6322,"minecraft:play_time":35750,"tombstone:undead_killed":5,"minecraft:deaths":2,"minecraft:sneak_time":2516,"minecraft:walk_under_water_one_cm":106,"minecraft:jump":1007,"minecraft:walk_on_water_one_cm":1539,"minecraft:total_world_time":35750,"minecraft:fall_one_cm":22247},"minecraft:mined":{"mysticalagriculture:prosperity_ore":3,"biomesoplenty:cherry_log":32,"minecraft:crafting_table":3,"minecraft:granite":3,"biomesoplenty:bush":1,"minecraft:copper_ore":16,"minecraft:lapis_ore":6,"mysticalagriculture:inferium_ore":1,"minecraft:furnace":2,"minecraft:iron_ore":10,"minecraft:lilac":1,"minecraft:spruce_log":4,"minecraft:grass":6,"biomesoplenty:pink_cherry_leaves":4,"biomesoplenty:webbing":11,"biomesoplenty:stringy_cobweb":4,"minecraft:cobweb":37,"minecraft:raw_copper_block":2,"minecraft:stone":27,"biomesoplenty:spider_egg":1,"minecraft:gold_ore":12,"luckytntmod:gunpowder_ore":3},"minecraft:killed_by":{"minecraft:player":1,"minecraft:skeleton":1},"minecraft:killed":{"minecraft:cave_spider":1,"minecraft:sheep":6,"minecraft:zombie":5},"minecraft:dropped":{"minecraft:stone_axe":1,"minecraft:wheat_seeds":2,"minecraft:lilac":1,"minecraft:stone_sword":1,"alexsmobs:animal_dictionary":1,"tombstone:gift":1,"bossominium:the_bossdexium":1,"tombstone:grave_dust":1,"minecraft:stone_pickaxe":2,"minecraft:wooden_pickaxe":1,"minecraft:black_wool":1},"minecraft:picked_up":{"minecraft:crafting_table":3,"minecraft:lilac":1,"minecraft:wooden_pickaxe":1,"minecraft:gunpowder":10,"minecraft:lapis_lazuli":33,"minecraft:string":36,"tombstone:gift":1,"minecraft:raw_copper":53,"minecraft:wheat_seeds":2,"minecraft:raw_gold":12,"minecraft:spruce_planks":2,"minecraft:iron_ingot":3,"minecraft:stone_pickaxe":1,"biomesoplenty:cherry_planks":5,"biomesoplenty:cherry_log":31,"minecraft:raw_copper_block":2,"minecraft:furnace":2,"minecraft:raw_iron":11,"mysticalagriculture:prosperity_shard":8,"tombstone:grave_dust":2,"minecraft:spruce_log":4,"minecraft:granite":3,"minecraft:gray_wool":1,"minecraft:black_wool":1,"minecraft:mutton":6,"minecraft:white_wool":4,"minecraft:cobblestone":27}},"DataVersion":3337}