{"stats":{"minecraft:used":{"minecraft:stone_sword":47,"minecraft:stone_pickaxe":40,"minecraft:wooden_pickaxe":15,"minecraft:stone_axe":17,"minecraft:mutton":1,"minecraft:crafting_table":2,"minecraft:furnace":1,"tombstone:gift":2},"minecraft:crafted":{"minecraft:raw_copper":9,"minecraft:shield":1,"minecraft:crafting_table":1,"minecraft:spruce_planks":16,"minecraft:stick":8,"minecraft:iron_ingot":3,"minecraft:stone_pickaxe":1,"minecraft:stone_sword":1,"firstaid:bandage":1,"minecraft:furnace":1,"minecraft:stone_axe":1,"minecraft:air":0},"minecraft:custom":{"minecraft:time_since_rest":13568,"minecraft:interact_with_furnace":9,"minecraft:sprint_one_cm":60730,"minecraft:damage_taken":423,"minecraft:walk_one_cm":34527,"minecraft:mob_kills":11,"minecraft:drop":8,"minecraft:damage_dealt":1607,"minecraft:swim_one_cm":1868,"minecraft:interact_with_crafting_table":17,"minecraft:fly_one_cm":154028,"minecraft:player_kills":2,"minecraft:crouch_one_cm":4055,"minecraft:play_time":23750,"tombstone:undead_killed":3,"minecraft:deaths":2,"minecraft:sneak_time":1593,"minecraft:walk_under_water_one_cm":106,"minecraft:jump":796,"minecraft:walk_on_water_one_cm":842,"minecraft:time_since_death":13545,"minecraft:total_world_time":23750,"minecraft:fall_one_cm":16391},"minecraft:mined":{"biomesoplenty:cherry_log":13,"minecraft:iron_ore":4,"minecraft:lilac":1,"minecraft:spruce_log":4,"minecraft:crafting_table":1,"minecraft:granite":3,"minecraft:grass":5,"biomesoplenty:bush":1,"biomesoplenty:pink_cherry_leaves":2,"biomesoplenty:webbing":1,"biomesoplenty:stringy_cobweb":2,"minecraft:cobweb":11,"minecraft:copper_ore":16,"minecraft:raw_copper_block":1,"biomesoplenty:spider_egg":1,"minecraft:stone":23,"mysticalagriculture:inferium_ore":1},"minecraft:killed_by":{"minecraft:player":1,"minecraft:skeleton":1},"minecraft:dropped":{"minecraft:wheat_seeds":2,"minecraft:lilac":1,"alexsmobs:animal_dictionary":1,"tombstone:gift":1,"tombstone:grave_dust":1,"minecraft:wooden_pickaxe":1,"bossominium:the_bossdexium":1,"minecraft:black_wool":1},"minecraft:killed":{"minecraft:sheep":6,"minecraft:cave_spider":1,"minecraft:zombie":3},"minecraft:picked_up":{"minecraft:crafting_table":1,"minecraft:raw_iron":4,"minecraft:lilac":1,"minecraft:wooden_pickaxe":1,"tombstone:grave_dust":2,"minecraft:spruce_log":4,"minecraft:string":11,"minecraft:raw_copper":53,"tombstone:gift":1,"minecraft:wheat_seeds":2,"minecraft:spruce_planks":2,"minecraft:granite":3,"minecraft:gray_wool":1,"biomesoplenty:cherry_log":12,"minecraft:black_wool":1,"minecraft:mutton":6,"minecraft:raw_copper_block":1,"minecraft:white_wool":4,"minecraft:cobblestone":23}},"DataVersion":3337}