{"stats":{"minecraft:used":{"minecraft:stone_sword":64,"minecraft:shield":25,"minecraft:iron_sword":200,"minecraft:dirt":3,"minecraft:mutton":2,"minecraft:dark_oak_planks":12,"biomesoplenty:cherry_planks":23,"minecraft:iron_axe":58,"minecraft:furnace":5,"tombstone:gift":3,"minecraft:cooked_mutton":4,"minecraft:stone_pickaxe":41,"minecraft:wooden_pickaxe":15,"minecraft:crafting_table":10,"minecraft:crossbow":1,"minecraft:white_bed":6,"minecraft:shears":28,"biomesoplenty:cherry_boat":1,"minecraft:melon_slice":6,"minecraft:iron_pickaxe":111,"minecraft:stone_axe":40,"minecraft:experience_bottle":1},"minecraft:crafted":{"biomesoplenty:cherry_planks":132,"minecraft:furnace":2,"minecraft:cooked_mutton":4,"minecraft:iron_boots":1,"minecraft:raw_copper":18,"minecraft:iron_axe":1,"minecraft:stone_pickaxe":1,"minecraft:dark_oak_planks":20,"minecraft:crafting_table":3,"minecraft:spruce_planks":16,"minecraft:iron_helmet":1,"minecraft:iron_sword":1,"biomesoplenty:cherry_boat":1,"minecraft:stone_axe":1,"minecraft:air":0,"minecraft:white_wool":5,"minecraft:iron_chestplate":1,"minecraft:shield":1,"minecraft:stick":24,"minecraft:iron_ingot":32,"minecraft:iron_pickaxe":1,"minecraft:stone_sword":1,"minecraft:iron_leggings":1,"firstaid:bandage":10,"minecraft:white_bed":3,"minecraft:shears":1},"minecraft:custom":{"minecraft:mob_kills":53,"minecraft:interact_with_crafting_table":52,"minecraft:open_barrel":2,"minecraft:leave_game":1,"minecraft:time_since_death":7223,"minecraft:climb_one_cm":8,"minecraft:sprint_one_cm":245006,"minecraft:walk_one_cm":137989,"minecraft:damage_blocked_by_shield":880,"minecraft:drop":38,"minecraft:play_time":90651,"minecraft:deaths":16,"minecraft:sneak_time":5603,"minecraft:walk_under_water_one_cm":1711,"minecraft:boat_one_cm":14982,"minecraft:jump":2552,"minecraft:walk_on_water_one_cm":6637,"minecraft:total_world_time":90651,"minecraft:interact_with_furnace":33,"tombstone:raider_killed":16,"minecraft:sleep_in_bed":2,"minecraft:time_since_rest":7246,"minecraft:damage_taken":2970,"minecraft:damage_dealt":9625,"minecraft:player_kills":3,"minecraft:swim_one_cm":41061,"minecraft:fly_one_cm":489934,"minecraft:open_chest":16,"minecraft:crouch_one_cm":14605,"tombstone:undead_killed":15,"minecraft:fall_one_cm":51368},"minecraft:mined":{"mysticalagriculture:prosperity_ore":3,"biomesoplenty:cherry_log":34,"minecraft:white_bed":4,"minecraft:granite":3,"biomesoplenty:bush":1,"minecraft:grass_block":2,"mysticalagriculture:inferium_ore":2,"minecraft:furnace":3,"minecraft:iron_ore":21,"biomesoplenty:hanging_cobweb":2,"biomesoplenty:glowshroom_block":1,"biomesoplenty:pink_cherry_leaves":16,"minecraft:dirt_path":1,"biomesoplenty:webbing":11,"biomesoplenty:spider_egg":1,"minecraft:stone":35,"minecraft:brown_carpet":1,"minecraft:basalt":2,"minecraft:crafting_table":7,"biomesoplenty:cherry_planks":18,"minecraft:melon":22,"minecraft:mushroom_stem":4,"minecraft:copper_ore":16,"minecraft:lapis_ore":6,"minecraft:sugar_cane":4,"minecraft:diorite":7,"minecraft:purple_wool":28,"minecraft:lilac":2,"minecraft:spruce_log":4,"minecraft:purple_concrete":2,"minecraft:grass":18,"biomesoplenty:clover":1,"minecraft:coal_ore":22,"minecraft:gravel":12,"minecraft:dirt":1,"biomesoplenty:stringy_cobweb":6,"minecraft:cobweb":37,"minecraft:raw_copper_block":2,"minecraft:gold_ore":12,"minecraft:fern":12,"luckytntmod:gunpowder_ore":3},"minecraft:killed_by":{"minecraft:player":2,"minecraft:creeper":2,"minecraft:pillager":7,"minecraft:vindicator":2,"minecraft:skeleton":3},"minecraft:killed":{"minecraft:cave_spider":2,"minecraft:vindicator":2,"minecraft:skeleton":1,"minecraft:pig":1,"minecraft:bat":1,"minecraft:sheep":12,"minecraft:pillager":14,"minecraft:zombie":14},"minecraft:dropped":{"minecraft:enchanted_book":2,"minecraft:wheat_seeds":4,"minecraft:lilac":1,"minecraft:iron_helmet":1,"minecraft:granite":3,"artifacts:universal_attractor":1,"bossominium:the_bossdexium":1,"minecraft:flint":2,"minecraft:diorite":7,"tombstone:grave_dust":3,"minecraft:iron_leggings":2,"minecraft:string":2,"minecraft:gravel":7,"minecraft:stone_axe":1,"minecraft:pillager_spawn_egg":1,"minecraft:stone_sword":1,"alexsmobs:animal_dictionary":1,"tombstone:gift":2,"minecraft:rotten_flesh":6,"minecraft:iron_chestplate":1,"mysticalagriculture:inferium_essence":5,"minecraft:wooden_pickaxe":1,"minecraft:stone_pickaxe":2,"minecraft:black_wool":1},"minecraft:picked_up":{"minecraft:crafting_table":7,"minecraft:iron_chestplate":1,"minecraft:purple_wool":28,"minecraft:wooden_pickaxe":1,"minecraft:string":39,"minecraft:raw_copper":53,"minecraft:iron_leggings":1,"mysticalagriculture:inferium_essence":6,"minecraft:spruce_planks":2,"biomesoplenty:cherry_planks":49,"minecraft:melon_slice":95,"minecraft:sugar_cane":9,"minecraft:furnace":3,"minecraft:raw_copper_block":2,"artifacts:universal_attractor":1,"minecraft:raw_iron":22,"mysticalagriculture:prosperity_shard":8,"tombstone:grave_dust":2,"minecraft:diorite":7,"minecraft:brown_carpet":1,"minecraft:rotten_flesh":7,"biomesoplenty:pink_cherry_sapling":1,"minecraft:mutton":16,"minecraft:white_wool":12,"minecraft:cobblestone":34,"minecraft:lilac":1,"minecraft:flint":2,"minecraft:gunpowder":10,"minecraft:lapis_lazuli":33,"minecraft:dirt":23,"tombstone:gift":2,"minecraft:wheat_seeds":7,"minecraft:raw_gold":12,"minecraft:iron_ingot":3,"minecraft:stone_pickaxe":1,"biomesoplenty:cherry_log":33,"minecraft:purple_concrete":2,"minecraft:pillager_spawn_egg":1,"minecraft:gravel":10,"minecraft:spruce_log":4,"minecraft:white_bed":4,"minecraft:spider_eye":1,"waystones:waystone":1,"minecraft:iron_helmet":1,"minecraft:granite":3,"minecraft:gray_wool":2,"minecraft:black_wool":1,"minecraft:coal":22}},"DataVersion":3337}