{"stats":{"minecraft:used":{"minecraft:stone_axe":1,"minecraft:stone_sword":18,"minecraft:wooden_pickaxe":15},"minecraft:crafted":{"minecraft:stone_sword":1,"minecraft:stone_axe":1,"minecraft:spruce_planks":16,"minecraft:stick":8,"minecraft:stone_pickaxe":1},"minecraft:custom":{"minecraft:time_since_rest":1568,"minecraft:crouch_one_cm":689,"minecraft:play_time":11750,"minecraft:sprint_one_cm":41191,"minecraft:deaths":2,"minecraft:damage_taken":243,"minecraft:walk_one_cm":13023,"minecraft:sneak_time":403,"minecraft:mob_kills":7,"minecraft:drop":5,"minecraft:jump":421,"minecraft:damage_dealt":928,"minecraft:time_since_death":1545,"minecraft:total_world_time":11750,"minecraft:interact_with_crafting_table":2,"minecraft:fall_one_cm":7102,"minecraft:fly_one_cm":110269,"minecraft:player_kills":2},"minecraft:mined":{"biomesoplenty:bush":1,"minecraft:grass":5,"minecraft:lilac":1,"minecraft:spruce_log":4,"minecraft:stone":10},"minecraft:dropped":{"minecraft:wooden_pickaxe":1,"alexsmobs:animal_dictionary":1,"tombstone:gift":1,"minecraft:black_wool":1,"bossominium:the_bossdexium":1},"minecraft:killed_by":{"minecraft:skeleton":1,"minecraft:player":1},"minecraft:killed":{"minecraft:sheep":6},"minecraft:picked_up":{"minecraft:wooden_pickaxe":1,"minecraft:spruce_planks":1,"minecraft:gray_wool":1,"minecraft:spruce_log":4,"minecraft:black_wool":1,"minecraft:white_wool":4,"minecraft:mutton":6,"minecraft:cobblestone":10}},"DataVersion":3337}