{"stats":{"minecraft:killed":{"minecraft:skeleton":2,"minecraft:pig":7,"minecraft:zombie":5,"alexsmobs:gazelle":1,"minecraft:cow":1},"minecraft:crafted":{"minecraft:oak_planks":4,"minecraft:stone_shovel":1,"minecraft:furnace":9,"minecraft:flint_and_steel":1,"minecraft:iron_boots":1,"minecraft:iron_axe":1,"minecraft:stone_pickaxe":1,"minecraft:dark_oak_planks":8,"minecraft:crafting_table":3,"minecraft:spruce_planks":108,"minecraft:wooden_pickaxe":1,"minecraft:iron_helmet":1,"minecraft:iron_sword":1,"minecraft:bucket":2,"minecraft:stone_axe":1,"minecraft:air":0,"minecraft:iron_chestplate":1,"minecraft:diamond_pickaxe":1,"minecraft:shield":1,"minecraft:stick":48,"minecraft:iron_ingot":63,"minecraft:iron_pickaxe":1,"minecraft:stone_sword":1,"minecraft:iron_leggings":1},"minecraft:killed_by":{"minecraft:cave_spider":2,"alexsmobs:centipede_head":1,"minecraft:skeleton":1,"minecraft:zombie":1,"alexsmobs:grizzly_bear":1},"minecraft:custom":{"minecraft:mob_kills":17,"minecraft:interact_with_crafting_table":11,"minecraft:leave_game":5,"minecraft:time_since_death":13041,"minecraft:sprint_one_cm":108506,"minecraft:walk_one_cm":160993,"minecraft:damage_blocked_by_shield":500,"minecraft:drop":46,"minecraft:play_time":130706,"minecraft:deaths":6,"minecraft:sneak_time":11777,"minecraft:walk_under_water_one_cm":24,"minecraft:jump":1485,"minecraft:walk_on_water_one_cm":14132,"minecraft:total_world_time":130706,"minecraft:interact_with_furnace":21,"minecraft:time_since_rest":13082,"minecraft:damage_taken":1410,"minecraft:damage_dealt":1987,"minecraft:fly_one_cm":190895,"minecraft:open_chest":2,"minecraft:crouch_one_cm":27384,"tombstone:undead_killed":7,"minecraft:fall_one_cm":31611},"minecraft:used":{"minecraft:stone_sword":13,"minecraft:flint_and_steel":6,"minecraft:stone_shovel":81,"minecraft:shield":10,"minecraft:iron_sword":40,"minecraft:rotten_flesh":1,"minecraft:dirt":13,"minecraft:granite":4,"minecraft:lava_bucket":10,"minecraft:iron_axe":18,"minecraft:furnace":4,"tombstone:gift":2,"minecraft:cobbled_deepslate":59,"minecraft:water_bucket":1,"minecraft:stone_pickaxe":77,"minecraft:wooden_pickaxe":30,"minecraft:crafting_table":6,"minecraft:diamond_pickaxe":803,"minecraft:iron_pickaxe":161,"minecraft:pig_spawn_egg":1,"minecraft:stone_axe":9,"duneons:minecartgift":4,"minecraft:cobblestone":25,"minecraft:porkchop":6,"minecraft:bucket":13},"minecraft:picked_up":{"minecraft:crafting_table":3,"duneons:outpostbricks":2,"alexsmobs:gazelle_horn":1,"minecraft:raw_copper":39,"mysticalagriculture:inferium_essence":6,"minecraft:cobbled_deepslate":547,"duneons:outposttiles":1,"minecraft:egg":1,"minecraft:furnace":3,"minecraft:raw_iron":63,"minecraft:porkchop":12,"tombstone:grave_dust":2,"minecraft:diorite":2,"minecraft:rotten_flesh":4,"minecraft:cobblestone":244,"duneons:dungeonscharreddirt":15,"minecraft:feather":1,"minecraft:cooked_beef":1,"minecraft:glow_ink_sac":5,"minecraft:andesite":5,"minecraft:leather":1,"minecraft:flint":2,"minecraft:tuff":19,"minecraft:oak_log":1,"minecraft:gunpowder":89,"minecraft:lapis_lazuli":86,"minecraft:dirt":65,"minecraft:wheat_seeds":1,"minecraft:raw_gold":13,"minecraft:cooked_chicken":2,"minecraft:cooked_porkchop":2,"duneons:outpostbrickschiseled":1,"duneons:dungeonscharredcobblestone":2,"minecraft:pig_spawn_egg":1,"minecraft:dandelion":1,"minecraft:gravel":30,"minecraft:spruce_log":27,"minecraft:dark_oak_log":2,"minecraft:diamond":8,"waystones:waystone":1,"duneons:minecartgift":4,"minecraft:granite":30,"duneons:highlandstone":1,"minecraft:coal":36},"minecraft:dropped":{"minecraft:wheat_seeds":1,"minecraft:glow_ink_sac":5,"duneons:outpostbrickschiseled":1,"minecraft:cobblestone":128,"duneons:outposttiles":1,"minecraft:granite":26,"duneons:dungeonscharreddirt":15,"minecraft:emerald":2,"minecraft:flint":1,"minecraft:dirt":52,"minecraft:diorite":2,"tombstone:grave_dust":3,"duneons:dungeonscharredcobblestone":2,"minecraft:iron_pickaxe":1,"minecraft:dandelion":1,"minecraft:gravel":30,"minecraft:stone_axe":1,"alexsmobs:gazelle_horn":1,"minecraft:stone_sword":1,"alexsmobs:animal_dictionary":1,"minecraft:cobbled_deepslate":360,"minecraft:tuff":19,"duneons:highlandstone":1,"tombstone:gift":1,"minecraft:rotten_flesh":3,"duneons:outpostbricks":2,"minecraft:spruce_planks":1,"mysticalagriculture:inferium_essence":6,"minecraft:andesite":5,"minecraft:stone_pickaxe":1,"minecraft:wooden_pickaxe":1,"minecraft:egg":1},"minecraft:mined":{"minecraft:diamond_ore":2,"minecraft:tuff":19,"minecraft:deepslate_diamond_ore":6,"biomesoplenty:desert_grass":2,"duneons:charredstone":2,"minecraft:granite":30,"biomesoplenty:bush":6,"minecraft:grass_block":11,"duneons:highlandtallgrass":1,"duneons:highlandgrass":3,"duneons:outposttiles":1,"minecraft:spruce_leaves":1,"minecraft:furnace":3,"duneons:outpostbrickschiseled":1,"minecraft:cobbled_deepslate":5,"minecraft:iron_ore":49,"duneons:highlandsnowgrass":1,"minecraft:fire":5,"minecraft:andesite":5,"minecraft:deepslate_lapis_ore":7,"biomesoplenty:flesh":1,"duneons:outpostbricks":2,"biomesoplenty:hanging_cobweb":1,"minecraft:deepslate_iron_ore":16,"biomesoplenty:webbing":2,"minecraft:stone":244,"minecraft:crafting_table":3,"minecraft:tall_grass":2,"minecraft:copper_ore":11,"minecraft:lapis_ore":7,"minecraft:deepslate_gold_ore":13,"minecraft:diorite":2,"minecraft:spruce_log":27,"minecraft:grass":6,"minecraft:coal_ore":36,"minecraft:oak_log":1,"minecraft:dirt":42,"minecraft:gravel":32,"biomesoplenty:stringy_cobweb":3,"duneons:dungeonscharreddirt":15,"minecraft:oak_leaves":2,"mysticalagriculture:deepslate_inferium_ore":1,"minecraft:deepslate":564,"luckytntmod:gunpowder_ore":21}},"DataVersion":3337}