{"stats":{"minecraft:killed":{"minecraft:spider":79,"minecraft:skeleton":11,"minecraft:pig":7,"alexsmobs:grizzly_bear":1,"minecraft:creeper":1,"alexsmobs:crimson_mosquito":2,"minecraft:sheep":16,"minecraft:zombie":25,"minecraft:blaze":3,"minecraft:cow":7,"minecraft:drowned":1,"alexsmobs:crocodile":1,"alexsmobs:gazelle":1,"minecraft:wither_skeleton":2},"minecraft:crafted":{"minecraft:light_gray_concrete_powder":8,"minecraft:oak_planks":156,"minecraft:cobblestone_slab":24,"travelersbackpack:iron":1,"luckytntmod:tnt_x5":12,"minecraft:cobblestone_stairs":16,"minecraft:diamond_shovel":1,"minecraft:lever":1,"minecraft:glass":27,"minecraft:hopper":6,"minecraft:iron_boots":1,"minecraft:magenta_concrete_powder":8,"minecraft:chest":10,"minecraft:rail":16,"minecraft:magenta_dye":1,"minecraft:oak_fence":12,"travelersbackpack:iron_tier_upgrade":1,"minecraft:emerald":2,"minecraft:crafting_table":10,"minecraft:spruce_planks":212,"travelersbackpack:standard":1,"minecraft:wooden_pickaxe":1,"minecraft:iron_helmet":1,"minecraft:spruce_door":3,"minecraft:smithing_table":1,"minecraft:copper_ingot":92,"minecraft:fletching_table":2,"minecraft:tnt":50,"minecraft:iron_chestplate":1,"minecraft:diamond_pickaxe":2,"minecraft:shield":1,"minecraft:stick":288,"minecraft:iron_ingot":150,"minecraft:iron_pickaxe":1,"minecraft:stone_sword":1,"minecraft:gold_ingot":21,"minecraft:light_gray_dye":1,"minecraft:oak_door":3,"minecraft:raw_iron":9,"minecraft:stone_shovel":1,"luckytntmod:tnt_x20":3,"minecraft:furnace":9,"firstaid:plaster":2,"travelersbackpack:gold_tier_upgrade":1,"travelersbackpack:blank_upgrade":4,"minecraft:flint_and_steel":2,"travelersbackpack:white_sleeping_bag":1,"minecraft:iron_axe":2,"minecraft:stone_pickaxe":1,"minecraft:dark_oak_planks":8,"cgm:workbench":1,"minecraft:diamond_sword":1,"travelersbackpack:backpack_tank":4,"minecraft:iron_sword":1,"minecraft:bucket":2,"minecraft:stone_axe":1,"minecraft:air":0,"minecraft:oak_fence_gate":6,"minecraft:white_wool":1,"minecraft:iron_shovel":1,"minecraft:iron_leggings":1,"minecraft:white_bed":1,"minecraft:torch":4},"minecraft:broken":{"minecraft:iron_boots":1,"minecraft:iron_chestplate":1,"minecraft:iron_leggings":1,"minecraft:diamond_shovel":1,"minecraft:iron_sword":1,"minecraft:stone_shovel":1,"minecraft:flint_and_steel":1,"minecraft:shield":1,"minecraft:iron_helmet":1},"minecraft:killed_by":{"minecraft:wither_skeleton":1,"minecraft:creeper":2,"minecraft:drowned":2,"alexsmobs:crocodile":2,"minecraft:cave_spider":2,"minecraft:blaze":1,"minecraft:zombie":4,"alexsmobs:grizzly_bear":4,"duneons:wraith":1,"minecraft:illusioner":5,"minecraft:player":15,"minecraft:spider":9,"alexsmobs:centipede_head":1,"minecraft:skeleton":11,"alexsmobs:kangaroo":1,"alexsmobs:crimson_mosquito":1},"minecraft:custom":{"minecraft:interact_with_crafting_table":48,"minecraft:open_barrel":7,"goblintraders:trade_with_goblin":21,"minecraft:leave_game":9,"minecraft:time_since_death":2359,"minecraft:sprint_one_cm":674662,"minecraft:damage_blocked_by_shield":2709,"minecraft:drop":290,"minecraft:talked_to_villager":12,"minecraft:play_time":481687,"minecraft:deaths":67,"tombstone:tomb_raiding":1,"minecraft:jump":6897,"minecraft:walk_on_water_one_cm":60418,"minecraft:interact_with_furnace":62,"minecraft:traded_with_villager":2,"minecraft:sleep_in_bed":18,"minecraft:waystone_activated":8,"minecraft:damage_dealt":27495,"minecraft:player_kills":13,"minecraft:crouch_one_cm":146386,"tombstone:undead_killed":39,"minecraft:interact_with_smithing_table":3,"minecraft:mob_kills":178,"minecraft:damage_dealt_resisted":453,"minecraft:climb_one_cm":1795,"minecraft:walk_one_cm":1194938,"minecraft:sneak_time":48722,"minecraft:walk_under_water_one_cm":22957,"minecraft:interact_with_blast_furnace":26,"minecraft:total_world_time":481687,"minecraft:time_since_rest":2387,"minecraft:damage_taken":11255,"minecraft:swim_one_cm":90869,"minecraft:fly_one_cm":1074080,"minecraft:open_chest":50,"minecraft:fall_one_cm":129550},"minecraft:picked_up":{"duneons:lobbydirtystone":8,"cgm:basic_bullet":64,"minecraft:smithing_table":1,"alexsmobs:gazelle_horn":1,"minecraft:music_disc_cat":1,"minecraft:string":40,"minecraft:raw_copper":92,"alexsmobs:blood_sac":2,"mysticalagriculture:inferium_essence":101,"minecraft:cobbled_deepslate":1370,"minecraft:spruce_planks":4,"minecraft:cobblestone_slab":2,"minecraft:calcite":8,"cgm:advanced_bullet":64,"duneons:outposttiles":1,"minecraft:furnace":13,"minecraft:stick":4,"minecraft:magenta_concrete_powder":1,"minecraft:composter":36,"minecraft:oak_fence":5,"minecraft:torch":10,"mysticalagriculture:prosperity_shard":6,"minecraft:acacia_log":2,"minecraft:porkchop":12,"tombstone:grave_dust":8,"minecraft:diorite":2,"minecraft:cauldron":3,"travelersbackpack:iron":9,"minecraft:zombie_spawn_egg":1,"minecraft:stone_sword":4,"minecraft:rotten_flesh":33,"alexsmobs:emu_egg":1,"minecraft:blaze_rod":4,"minecraft:obsidian":7,"minecraft:cobblestone":1104,"minecraft:birch_log":1,"minecraft:feather":1,"minecraft:cooked_beef":19,"minecraft:water_bucket":1,"minecraft:andesite":5,"duneons:burstgale":1,"minecraft:flint":13,"minecraft:tuff":62,"duneons:scattermines":1,"minecraft:lapis_lazuli":86,"minecraft:dirt":1619,"minecraft:bone":15,"minecraft:stonecutter":1,"minecraft:wheat_seeds":54,"minecraft:raw_gold":23,"minecraft:fletching_table":3,"minecraft:oak_planks":1,"minecraft:sheep_spawn_egg":1,"minecraft:cooked_porkchop":8,"cgm:rifle":1,"minecraft:pig_spawn_egg":1,"minecraft:sand":402,"minecraft:dark_oak_log":2,"minecraft:mossy_cobblestone":38,"cgm:shell":74,"minecraft:skeleton_spawn_egg":1,"minecraft:light_gray_concrete":3,"minecraft:diamond":18,"waystones:waystone":6,"minecraft:granite":48,"duneons:highlandstone":1,"minecraft:bread":10,"minecraft:diamond_pickaxe":2,"minecraft:crafting_table":6,"minecraft:ladder":1,"minecraft:nether_wart":30,"minecraft:clay_ball":16,"biomesoplenty:flesh":1,"duneons:outpostbricks":2,"minecraft:gold_block":1,"minecraft:diamond_horse_armor":1,"minecraft:spider_spawn_egg":1,"cgm:shotgun":1,"minecraft:beef":9,"minecraft:iron_nugget":9,"minecraft:poppy":15,"biomesoplenty:wildflower":3,"minecraft:sugar_cane":22,"minecraft:chest":2,"minecraft:egg":1,"minecraft:raw_iron":128,"minecraft:redstone":33,"luckytntmod:deepslate_uranium_ore":6,"minecraft:arrow":6,"minecraft:peony":5,"minecraft:nether_bricks":2,"minecraft:bone_block":2,"minecraft:mutton":24,"duneons:goatgear_chestplate":1,"minecraft:rail":2,"minecraft:white_wool":14,"minecraft:oxeye_daisy":3,"duneons:dungeonscharreddirt":15,"minecraft:glow_ink_sac":5,"minecraft:leather":16,"minecraft:filled_map":1,"minecraft:oak_log":39,"minecraft:ancient_debris":2,"minecraft:yellow_bed":11,"minecraft:gunpowder":420,"minecraft:cobblestone_stairs":1,"tombstone:gift":3,"minecraft:cooked_chicken":5,"minecraft:acacia_sapling":1,"duneons:outpostbrickschiseled":1,"duneons:dungeonscharredcobblestone":2,"minecraft:dandelion":5,"duneons:highlandfern":1,"minecraft:raw_iron_block":1,"minecraft:gravel":184,"minecraft:spruce_sapling":1,"minecraft:blast_furnace":3,"minecraft:white_bed":16,"minecraft:spruce_log":69,"minecraft:spider_eye":7,"minecraft:purple_bed":2,"duneons:minecartgift":10,"minecraft:gray_wool":1,"tombstone:magic_scroll":2,"minecraft:melon_seeds":3,"cgm:workbench":1,"minecraft:coal":89,"minecraft:hopper":2},"minecraft:used":{"alexsmobs:emu_egg":1,"minecraft:iron_shovel":24,"minecraft:chest":4,"minecraft:shield":53,"minecraft:iron_sword":287,"minecraft:rotten_flesh":1,"minecraft:mutton":2,"travelersbackpack:iron":18,"minecraft:tuff":2,"minecraft:obsidian":1,"minecraft:lava_bucket":46,"minecraft:furnace":14,"biomesoplenty:flesh":1,"minecraft:spider_spawn_egg":1,"minecraft:spruce_door":2,"minecraft:stone_pickaxe":77,"minecraft:wooden_pickaxe":30,"minecraft:composter":34,"minecraft:sand":3,"minecraft:blast_furnace":1,"waystones:waystone":5,"minecraft:lever":1,"minecraft:bread":17,"minecraft:gravel":36,"minecraft:diamond_sword":280,"minecraft:smithing_table":1,"minecraft:oak_fence":14,"minecraft:stone_sword":16,"minecraft:flint_and_steel":91,"minecraft:stone_shovel":143,"minecraft:redstone":3,"minecraft:cooked_chicken":1,"minecraft:oak_door":3,"minecraft:torch":9,"minecraft:dirt":1370,"cgm:workbench":1,"minecraft:hopper":8,"minecraft:granite":4,"minecraft:oak_fence_gate":6,"minecraft:iron_axe":181,"biomesoplenty:blood_bucket":4,"tombstone:gift":2,"minecraft:cooked_beef":2,"minecraft:cobbled_deepslate":224,"minecraft:calcite":8,"minecraft:water_bucket":80,"minecraft:cobblestone_stairs":13,"minecraft:fletching_table":5,"minecraft:cobblestone_slab":22,"minecraft:rail":2,"minecraft:crafting_table":16,"minecraft:white_bed":17,"minecraft:light_gray_concrete_powder":3,"minecraft:spruce_log":5,"minecraft:diamond_pickaxe":2715,"minecraft:diamond_shovel":1925,"minecraft:iron_pickaxe":161,"minecraft:pig_spawn_egg":1,"minecraft:magenta_concrete_powder":1,"minecraft:spruce_sapling":1,"minecraft:stone_axe":9,"duneons:minecartgift":10,"minecraft:cobblestone":306,"minecraft:purple_bed":2,"minecraft:porkchop":7,"minecraft:cooked_porkchop":1,"minecraft:bucket":134,"minecraft:yellow_bed":11},"minecraft:dropped":{"minecraft:porkchop":5,"minecraft:lapis_lazuli":22,"minecraft:cooked_beef":6,"minecraft:glow_ink_sac":5,"minecraft:diamond":2,"duneons:burstgale":1,"minecraft:cooked_porkchop":7,"travelersbackpack:standard":1,"minecraft:rail":16,"minecraft:flint":7,"minecraft:emerald":2,"minecraft:dirt":196,"minecraft:mutton":22,"minecraft:bone_block":2,"minecraft:sand":36,"minecraft:iron_pickaxe":1,"minecraft:birch_log":1,"minecraft:cauldron":3,"minecraft:bone":10,"minecraft:gravel":140,"minecraft:stone_axe":1,"alexsmobs:gazelle_horn":1,"minecraft:cooked_chicken":3,"alexsmobs:animal_dictionary":1,"minecraft:cobbled_deepslate":751,"minecraft:wheat":6,"tombstone:gift":6,"minecraft:rotten_flesh":30,"minecraft:oak_planks":1,"minecraft:poppy":15,"alexsmobs:blood_sac":2,"minecraft:gunpowder":7,"mysticalagriculture:inferium_essence":32,"minecraft:melon_seeds":3,"biomesoplenty:wildflower":2,"minecraft:acacia_sapling":1,"minecraft:ladder":1,"minecraft:arrow":6,"minecraft:glass":3,"minecraft:beef":9,"minecraft:light_gray_concrete_powder":5,"minecraft:egg":1,"minecraft:bread":10,"duneons:goatgear_chestplate":1,"minecraft:wheat_seeds":54,"duneons:outpostbrickschiseled":1,"minecraft:mossy_cobblestone":38,"minecraft:feather":1,"minecraft:cobblestone":632,"duneons:outposttiles":1,"minecraft:granite":44,"duneons:dungeonscharreddirt":15,"minecraft:spruce_door":1,"minecraft:acacia_log":2,"minecraft:stick":138,"minecraft:oxeye_daisy":2,"minecraft:gray_wool":1,"duneons:lobbydirtystone":8,"minecraft:diorite":2,"minecraft:torch":5,"tombstone:grave_dust":9,"duneons:dungeonscharredcobblestone":2,"minecraft:stonecutter":1,"minecraft:iron_shovel":1,"minecraft:string":64,"minecraft:bucket":1,"minecraft:dandelion":5,"minecraft:redstone":30,"minecraft:stone_sword":5,"minecraft:tuff":58,"duneons:highlandstone":1,"minecraft:raw_iron":4,"duneons:outpostbricks":2,"duneons:highlandfern":1,"minecraft:clay_ball":16,"minecraft:skeleton_spawn_egg":1,"minecraft:nether_bricks":2,"minecraft:cobblestone_slab":5,"minecraft:peony":5,"minecraft:spruce_planks":2,"minecraft:diamond_pickaxe":3,"minecraft:andesite":5,"minecraft:spider_eye":3,"minecraft:magenta_concrete_powder":8,"duneons:minecartgift":1,"minecraft:stone_pickaxe":1,"minecraft:wooden_pickaxe":1,"minecraft:raw_gold":14},"minecraft:mined":{"minecraft:white_bed":13,"minecraft:cobblestone_stairs":1,"minecraft:obsidian":1,"duneons:charredstone":2,"minecraft:granite":39,"minecraft:acacia_log":1,"minecraft:grass_block":550,"duneons:outposttiles":1,"travelersbackpack:iron":9,"minecraft:composter":36,"minecraft:hopper":2,"minecraft:oxeye_daisy":2,"minecraft:nether_wart":22,"mysticalagriculture:inferium_ore":18,"biomesoplenty:pus_bubble":1,"luckytntmod:deepslate_uranium_ore":6,"minecraft:raw_iron_block":1,"minecraft:iron_ore":53,"duneons:highlandsnowgrass":1,"minecraft:cobbled_deepslate":81,"minecraft:fire":30,"minecraft:deepslate_lapis_ore":7,"minecraft:fletching_table":3,"duneons:outpostbricks":2,"biomesoplenty:hanging_cobweb":1,"minecraft:twisting_vines":1,"minecraft:water_cauldron":4,"minecraft:dirt_path":27,"biomesoplenty:webbing":2,"minecraft:light_gray_concrete":3,"minecraft:deepslate_redstone_ore":6,"minecraft:soul_fire":2,"biomesoplenty:wildflower":1,"minecraft:clay":4,"minecraft:torch":1,"minecraft:blast_furnace":3,"minecraft:calcite":8,"minecraft:poppy":1,"minecraft:chest":2,"minecraft:cobblestone":188,"minecraft:sugar_cane":8,"minecraft:wall_torch":3,"minecraft:seagrass":2,"minecraft:birch_log":4,"minecraft:grass":119,"minecraft:oak_log":39,"minecraft:sand":408,"minecraft:dirt":817,"duneons:lobbydirtystone":8,"mysticalagriculture:deepslate_prosperity_ore":3,"minecraft:stonecutter":2,"duneons:dungeonscharreddirt":15,"minecraft:ancient_debris":1,"minecraft:deepslate":1235,"minecraft:oak_leaves":7,"mysticalagriculture:deepslate_inferium_ore":6,"minecraft:diamond_ore":2,"minecraft:tuff":64,"minecraft:mossy_cobblestone":38,"minecraft:deepslate_diamond_ore":11,"biomesoplenty:desert_grass":23,"luckytntmod:deepslate_gunpowder_ore":4,"minecraft:ladder":3,"minecraft:nether_bricks":2,"biomesoplenty:bush":24,"duneons:highlandtallgrass":5,"duneons:highlandgrass":3,"minecraft:redstone_wire":1,"minecraft:spruce_leaves":2,"cgm:workbench":1,"minecraft:furnace":13,"duneons:outpostbrickschiseled":1,"minecraft:andesite":5,"biomesoplenty:flesh":2,"minecraft:peony":2,"minecraft:gold_block":1,"minecraft:deepslate_iron_ore":77,"minecraft:cobblestone_slab":6,"minecraft:rail":2,"minecraft:magenta_concrete_powder":1,"biomesoplenty:flesh_tendons_strand":1,"minecraft:stone":785,"minecraft:bone_block":2,"minecraft:smithing_table":1,"minecraft:podzol":86,"minecraft:acacia_leaves":10,"minecraft:glass_pane":1,"minecraft:dandelion":1,"minecraft:oak_fence":5,"minecraft:crafting_table":6,"minecraft:copper_ore":26,"minecraft:tall_grass":15,"minecraft:lapis_ore":7,"minecraft:deepslate_gold_ore":23,"minecraft:diorite":2,"minecraft:purple_bed":2,"minecraft:spruce_log":69,"minecraft:yellow_bed":8,"duneons:highlandfern":1,"minecraft:coal_ore":90,"minecraft:gravel":172,"biomesoplenty:stringy_cobweb":3,"luckytntmod:gunpowder_ore":98}},"DataVersion":3337}