{"stats":{"minecraft:custom":{"minecraft:mob_kills":39,"minecraft:interact_with_crafting_table":15,"minecraft:open_barrel":7,"minecraft:leave_game":6,"minecraft:time_since_death":3318,"minecraft:sprint_one_cm":126087,"minecraft:walk_one_cm":221630,"minecraft:damage_blocked_by_shield":760,"minecraft:drop":67,"minecraft:play_time":78120,"minecraft:deaths":16,"minecraft:sneak_time":5671,"minecraft:walk_under_water_one_cm":6804,"minecraft:jump":1400,"minecraft:walk_on_water_one_cm":5620,"minecraft:total_world_time":78120,"minecraft:interact_with_furnace":4,"minecraft:sleep_in_bed":2,"minecraft:time_since_rest":3341,"minecraft:damage_taken":3234,"minecraft:damage_dealt":8047,"minecraft:swim_one_cm":1574,"minecraft:fly_one_cm":148648,"minecraft:open_chest":5,"minecraft:crouch_one_cm":14648,"tombstone:undead_killed":18,"minecraft:fall_one_cm":36017,"minecraft:inspect_dispenser":1},"minecraft:used":{"minecraft:stone_sword":92,"minecraft:flint_and_steel":1,"minecraft:shield":14,"minecraft:zombie_spawn_egg":1,"minecraft:oxidized_cut_copper":1,"minecraft:dirt":9,"minecraft:tuff":4,"minecraft:granite":3,"minecraft:lava_bucket":8,"minecraft:iron_axe":25,"minecraft:furnace":1,"tombstone:gift":5,"duneons:sickles":59,"minecraft:cobbled_deepslate":3,"duneons:great_hammer":1,"duneons:bigwellwater":1,"minecraft:water_bucket":47,"minecraft:stone_pickaxe":72,"minecraft:wooden_pickaxe":15,"minecraft:sandstone":4,"minecraft:sheep_spawn_egg":2,"minecraft:crafting_table":6,"minecraft:bread":3,"minecraft:iron_pickaxe":387,"minecraft:stone_axe":4,"minecraft:cobblestone":135,"travelersbackpack:standard":6,"minecraft:bucket":57,"minecraft:yellow_bed":7},"minecraft:picked_up":{"minecraft:crafting_table":4,"minecraft:anvil":9,"minecraft:wooden_pickaxe":4,"minecraft:stone_brick_stairs":1,"tombstone:grave_key":1,"minecraft:brewing_stand":2,"minecraft:string":7,"minecraft:moss_carpet":3,"minecraft:warped_fence":6,"duneons:sandcobblestone":1,"bloodandmadness:blood_vial":7,"mysticalagriculture:inferium_essence":72,"minecraft:cobbled_deepslate":19,"minecraft:waxed_weathered_copper":1,"duneons:bookshelfvangard":2,"minecraft:iron_pickaxe":1,"bossominium:vex_wing":1,"minecraft:sugar_cane":10,"minecraft:stick":2,"minecraft:raw_iron":54,"minecraft:sandstone":4,"minecraft:stone":1,"minecraft:oak_fence":4,"mysticalagriculture:prosperity_shard":8,"minecraft:acacia_log":7,"duneons:bigwellwater":1,"duneons:great_hammer":1,"duneons:dustybookshelf":1,"tombstone:grave_dust":3,"minecraft:diorite":13,"minecraft:warped_planks":17,"minecraft:redstone":1,"artifacts:snorkel":1,"minecraft:stone_sword":2,"minecraft:arrow":11,"minecraft:rotten_flesh":9,"minecraft:iron_block":2,"bloodandmadness:sanguisteel_nugget":1,"minecraft:mutton":4,"bloodandmadness:blood_stone_shard":1,"minecraft:blaze_powder":2,"minecraft:white_wool":3,"minecraft:cobblestone":241,"duneons:stonehorse":1,"minecraft:andesite":1,"minecraft:flint":1,"minecraft:tuff":4,"minecraft:yellow_bed":7,"minecraft:gunpowder":39,"minecraft:lapis_lazuli":31,"minecraft:dirt":36,"minecraft:bone":5,"minecraft:bow":1,"minecraft:wheat_seeds":2,"minecraft:raw_gold":12,"minecraft:iron_ingot":2,"minecraft:moss_block":6,"minecraft:oxidized_cut_copper":7,"minecraft:book":36,"minecraft:ghast_tear":1,"minecraft:sheep_spawn_egg":2,"minecraft:gravel":2,"minecraft:amethyst_shard":12,"minecraft:spider_eye":5,"minecraft:slime_ball":10,"tombstone:familiar_stone":1,"minecraft:lever":2,"minecraft:granite":3,"minecraft:emerald":1,"minecraft:netherrack":20,"minecraft:coal":23},"minecraft:broken":{"minecraft:iron_pickaxe":1},"minecraft:dropped":{"minecraft:enchanted_book":1,"minecraft:moss_block":6,"minecraft:brown_mushroom":3,"minecraft:wheat_seeds":2,"minecraft:oxidized_cut_copper":6,"minecraft:oak_fence":4,"minecraft:cobblestone":56,"duneons:bookshelfvangard":2,"bloodandmadness:beastblood_clump":1,"minecraft:emerald":3,"minecraft:dirt":27,"minecraft:diorite":13,"tombstone:grave_key":2,"minecraft:mutton":4,"tombstone:grave_dust":6,"mysticalagriculture:prosperity_shard":8,"duneons:sandcobblestone":1,"duneons:stonehorse":1,"minecraft:acacia_planks":1,"minecraft:gravel":2,"minecraft:moss_carpet":3,"minecraft:stone_axe":1,"minecraft:lever":2,"minecraft:stone_sword":3,"alexsmobs:animal_dictionary":1,"minecraft:cobbled_deepslate":16,"minecraft:waxed_weathered_copper":1,"minecraft:rotten_flesh":9,"minecraft:warped_planks":1,"minecraft:stone":1,"duneons:dustybookshelf":1,"bloodandmadness:sanguisteel_nugget":2,"mysticalagriculture:inferium_essence":9,"minecraft:andesite":1,"minecraft:warped_fence":6,"minecraft:spider_eye":5,"minecraft:slime_ball":10,"minecraft:wooden_pickaxe":5,"minecraft:stone_pickaxe":1,"minecraft:stone_brick_stairs":1},"minecraft:crafted":{"minecraft:redstone":18,"minecraft:furnace":1,"minecraft:flint_and_steel":1,"minecraft:iron_boots":1,"minecraft:iron_axe":1,"minecraft:stone_pickaxe":1,"minecraft:crafting_table":3,"minecraft:wooden_pickaxe":1,"minecraft:iron_helmet":1,"minecraft:bucket":2,"minecraft:stone_axe":1,"minecraft:air":0,"minecraft:white_wool":1,"minecraft:iron_chestplate":1,"minecraft:shield":1,"minecraft:stick":12,"minecraft:iron_ingot":29,"minecraft:iron_pickaxe":1,"minecraft:stone_sword":1,"minecraft:iron_leggings":1,"minecraft:acacia_planks":28},"minecraft:mined":{"minecraft:tuff":4,"minecraft:sculk_vein":2,"minecraft:brewing_stand":2,"minecraft:granite":3,"minecraft:acacia_log":7,"minecraft:grass_block":7,"minecraft:white_stained_glass":1,"minecraft:moss_block":5,"mysticalagriculture:inferium_ore":8,"minecraft:iron_ore":30,"duneons:bigwellwater":1,"minecraft:andesite":1,"minecraft:deepslate_lapis_ore":5,"minecraft:anvil":9,"minecraft:bookshelf":13,"minecraft:deepslate_iron_ore":24,"duneons:loot_biggrey":1,"minecraft:stone":236,"minecraft:iron_block":1,"duneons:dustybookshelf":1,"minecraft:acacia_leaves":1,"minecraft:hanging_roots":1,"duneons:bookshelfvangard":2,"minecraft:oak_fence":2,"minecraft:crafting_table":4,"minecraft:glass":3,"minecraft:tall_grass":1,"minecraft:cobblestone":9,"minecraft:deepslate_gold_ore":9,"minecraft:sugar_cane":4,"minecraft:diorite":13,"minecraft:seagrass":1,"duneons:stonehorse":1,"minecraft:warped_planks":1,"minecraft:yellow_bed":6,"minecraft:stone_brick_stairs":1,"minecraft:grass":11,"minecraft:coal_ore":22,"minecraft:gravel":4,"minecraft:dirt":28,"mysticalagriculture:deepslate_prosperity_ore":3,"duneons:sandcobblestone":1,"minecraft:netherrack":21,"minecraft:gold_ore":3,"mysticalagriculture:deepslate_inferium_ore":13,"minecraft:deepslate":16,"luckytntmod:gunpowder_ore":11,"duneons:tombstone":1},"minecraft:killed_by":{"bloodandmadness:ashen_blood_beast_patient":2,"minecraft:wither_skeleton":1,"minecraft:creeper":2,"bloodandmadness:church_doctor":1,"minecraft:skeleton":6,"minecraft:blaze":1,"minecraft:vex":1},"minecraft:killed":{"minecraft:vex":1,"bloodandmadness:cloaked_beast_patient":2,"minecraft:allay":1,"minecraft:spider":6,"minecraft:skeleton":6,"bloodandmadness:huntsman_axe":1,"artifacts:mimic":1,"minecraft:zombie_villager":1,"minecraft:creeper":1,"minecraft:sheep":2,"minecraft:zombie":10,"minecraft:wither_skeleton":1,"minecraft:enderman":2,"minecraft:blaze":2}},"DataVersion":3337}