{"stats":{"minecraft:killed":{"minecraft:spider":4,"minecraft:skeleton":4,"minecraft:drowned":1,"minecraft:pig":7,"alexsmobs:crimson_mosquito":2,"minecraft:sheep":16,"alexsmobs:crocodile":1,"minecraft:zombie":13,"alexsmobs:gazelle":1,"minecraft:wither_skeleton":2,"minecraft:blaze":3,"minecraft:cow":7},"minecraft:crafted":{"minecraft:light_gray_concrete_powder":8,"minecraft:oak_planks":4,"minecraft:stone_shovel":1,"travelersbackpack:iron":1,"minecraft:furnace":9,"minecraft:flint_and_steel":1,"minecraft:glass":27,"travelersbackpack:white_sleeping_bag":1,"minecraft:iron_boots":1,"minecraft:iron_axe":1,"minecraft:magenta_concrete_powder":8,"minecraft:stone_pickaxe":1,"minecraft:chest":1,"minecraft:dark_oak_planks":8,"minecraft:magenta_dye":1,"cgm:workbench":1,"minecraft:crafting_table":5,"minecraft:spruce_planks":108,"minecraft:iron_helmet":1,"travelersbackpack:backpack_tank":2,"minecraft:wooden_pickaxe":1,"travelersbackpack:standard":1,"minecraft:iron_sword":1,"minecraft:spruce_door":3,"minecraft:bucket":2,"minecraft:stone_axe":1,"minecraft:air":0,"minecraft:white_wool":1,"minecraft:iron_chestplate":1,"minecraft:diamond_pickaxe":1,"minecraft:shield":1,"minecraft:stick":48,"minecraft:iron_ingot":63,"minecraft:iron_pickaxe":1,"minecraft:stone_sword":1,"minecraft:iron_shovel":1,"minecraft:iron_leggings":1,"minecraft:gold_ingot":9,"minecraft:light_gray_dye":1,"minecraft:white_bed":1},"minecraft:broken":{"minecraft:stone_shovel":1},"minecraft:killed_by":{"minecraft:player":3,"minecraft:wither_skeleton":1,"minecraft:creeper":1,"minecraft:spider":1,"minecraft:drowned":2,"alexsmobs:crocodile":2,"minecraft:cave_spider":2,"alexsmobs:centipede_head":1,"minecraft:skeleton":2,"minecraft:blaze":1,"minecraft:zombie":2,"alexsmobs:kangaroo":1,"alexsmobs:crimson_mosquito":1,"alexsmobs:grizzly_bear":1},"minecraft:custom":{"minecraft:mob_kills":66,"minecraft:interact_with_crafting_table":36,"minecraft:leave_game":7,"minecraft:time_since_death":6363,"minecraft:climb_one_cm":1795,"minecraft:sprint_one_cm":304029,"minecraft:damage_blocked_by_shield":1060,"minecraft:walk_one_cm":340224,"minecraft:drop":133,"minecraft:talked_to_villager":2,"minecraft:play_time":224730,"minecraft:sneak_time":17123,"minecraft:deaths":24,"minecraft:walk_under_water_one_cm":14713,"minecraft:jump":3519,"minecraft:walk_on_water_one_cm":33391,"minecraft:total_world_time":224730,"minecraft:interact_with_furnace":29,"minecraft:sleep_in_bed":4,"minecraft:time_since_rest":6398,"minecraft:waystone_activated":2,"minecraft:damage_taken":4660,"minecraft:damage_dealt":9464,"minecraft:player_kills":4,"minecraft:swim_one_cm":76406,"minecraft:fly_one_cm":574012,"minecraft:open_chest":10,"minecraft:crouch_one_cm":40273,"tombstone:undead_killed":20,"minecraft:fall_one_cm":81674},"minecraft:picked_up":{"minecraft:crafting_table":6,"minecraft:nether_wart":30,"minecraft:clay_ball":16,"biomesoplenty:flesh":1,"duneons:outpostbricks":2,"minecraft:gold_block":1,"alexsmobs:gazelle_horn":1,"minecraft:string":6,"minecraft:raw_copper":92,"alexsmobs:blood_sac":2,"mysticalagriculture:inferium_essence":45,"minecraft:cobbled_deepslate":561,"minecraft:spruce_planks":4,"minecraft:beef":9,"minecraft:poppy":6,"biomesoplenty:wildflower":3,"minecraft:sugar_cane":22,"duneons:outposttiles":1,"minecraft:furnace":11,"minecraft:egg":1,"minecraft:raw_iron":67,"minecraft:magenta_concrete_powder":1,"minecraft:porkchop":12,"tombstone:grave_dust":6,"minecraft:diorite":2,"travelersbackpack:iron":2,"minecraft:stone_sword":4,"minecraft:arrow":5,"minecraft:rotten_flesh":12,"minecraft:nether_bricks":2,"alexsmobs:emu_egg":1,"minecraft:blaze_rod":4,"duneons:goatgear_chestplate":1,"minecraft:obsidian":7,"minecraft:mutton":24,"minecraft:bone_block":2,"minecraft:white_wool":14,"minecraft:cobblestone":412,"minecraft:oxeye_daisy":1,"duneons:dungeonscharreddirt":15,"minecraft:feather":1,"minecraft:cooked_beef":16,"minecraft:glow_ink_sac":5,"minecraft:andesite":5,"minecraft:leather":16,"duneons:burstgale":1,"minecraft:flint":2,"minecraft:tuff":19,"minecraft:oak_log":27,"minecraft:yellow_bed":3,"minecraft:ancient_debris":2,"minecraft:gunpowder":235,"minecraft:lapis_lazuli":86,"minecraft:dirt":76,"tombstone:gift":3,"minecraft:bone":9,"minecraft:wheat_seeds":12,"minecraft:raw_gold":13,"minecraft:cooked_chicken":5,"minecraft:sheep_spawn_egg":1,"duneons:outpostbrickschiseled":1,"minecraft:cooked_porkchop":8,"duneons:dungeonscharredcobblestone":2,"minecraft:pig_spawn_egg":1,"minecraft:dandelion":1,"minecraft:gravel":43,"minecraft:sand":42,"minecraft:white_bed":4,"minecraft:spruce_log":27,"minecraft:dark_oak_log":2,"minecraft:spider_eye":2,"minecraft:light_gray_concrete":3,"minecraft:diamond":8,"waystones:waystone":3,"duneons:minecartgift":4,"minecraft:granite":39,"duneons:highlandstone":1,"minecraft:gray_wool":1,"minecraft:coal":63,"minecraft:diamond_pickaxe":1},"minecraft:used":{"alexsmobs:emu_egg":1,"minecraft:iron_shovel":24,"minecraft:stone_sword":16,"minecraft:flint_and_steel":15,"minecraft:stone_shovel":143,"minecraft:shield":21,"minecraft:iron_sword":201,"minecraft:cooked_chicken":1,"minecraft:rotten_flesh":1,"minecraft:dirt":13,"minecraft:mutton":2,"travelersbackpack:iron":5,"minecraft:granite":4,"minecraft:obsidian":1,"minecraft:lava_bucket":32,"minecraft:iron_axe":60,"minecraft:furnace":12,"tombstone:gift":2,"biomesoplenty:blood_bucket":4,"minecraft:cooked_beef":2,"minecraft:cobbled_deepslate":64,"biomesoplenty:flesh":1,"minecraft:water_bucket":16,"minecraft:spruce_door":2,"minecraft:stone_pickaxe":77,"minecraft:wooden_pickaxe":30,"minecraft:crafting_table":10,"minecraft:white_bed":5,"minecraft:light_gray_concrete_powder":3,"waystones:waystone":1,"minecraft:diamond_pickaxe":1111,"minecraft:bread":3,"minecraft:iron_pickaxe":161,"minecraft:pig_spawn_egg":1,"minecraft:magenta_concrete_powder":1,"minecraft:gravel":5,"duneons:minecartgift":4,"minecraft:cobblestone":91,"minecraft:stone_axe":9,"minecraft:porkchop":7,"minecraft:cooked_porkchop":1,"minecraft:bucket":54,"minecraft:yellow_bed":1},"minecraft:dropped":{"duneons:goatgear_chestplate":1,"minecraft:porkchop":5,"minecraft:wheat_seeds":12,"minecraft:lapis_lazuli":22,"minecraft:cooked_beef":6,"minecraft:glow_ink_sac":5,"duneons:outpostbrickschiseled":1,"minecraft:cooked_porkchop":7,"minecraft:feather":1,"minecraft:cobblestone":128,"duneons:outposttiles":1,"minecraft:granite":35,"duneons:dungeonscharreddirt":15,"minecraft:spruce_door":1,"minecraft:flint":1,"minecraft:emerald":2,"minecraft:dirt":63,"minecraft:gray_wool":1,"minecraft:diorite":2,"minecraft:mutton":22,"tombstone:grave_dust":7,"duneons:dungeonscharredcobblestone":2,"minecraft:bone_block":2,"minecraft:sand":7,"minecraft:iron_pickaxe":1,"minecraft:dandelion":1,"minecraft:bone":9,"minecraft:gravel":30,"minecraft:stone_axe":1,"alexsmobs:gazelle_horn":1,"minecraft:cooked_chicken":3,"minecraft:stone_sword":5,"alexsmobs:animal_dictionary":1,"minecraft:cobbled_deepslate":360,"minecraft:tuff":19,"tombstone:gift":6,"duneons:highlandstone":1,"minecraft:rotten_flesh":11,"duneons:outpostbricks":2,"minecraft:clay_ball":16,"minecraft:nether_bricks":2,"minecraft:poppy":6,"alexsmobs:blood_sac":2,"minecraft:spruce_planks":2,"minecraft:diamond_pickaxe":1,"minecraft:andesite":5,"mysticalagriculture:inferium_essence":19,"biomesoplenty:wildflower":2,"minecraft:spider_eye":1,"minecraft:magenta_concrete_powder":8,"minecraft:raw_gold":13,"minecraft:arrow":5,"minecraft:stone_pickaxe":1,"minecraft:glass":1,"minecraft:beef":9,"minecraft:wooden_pickaxe":1,"minecraft:light_gray_concrete_powder":5,"minecraft:egg":1},"minecraft:mined":{"minecraft:diamond_ore":2,"minecraft:tuff":19,"minecraft:white_bed":4,"minecraft:deepslate_diamond_ore":6,"biomesoplenty:desert_grass":23,"minecraft:obsidian":1,"duneons:charredstone":2,"minecraft:nether_bricks":2,"minecraft:granite":39,"biomesoplenty:bush":8,"minecraft:grass_block":23,"duneons:highlandtallgrass":1,"duneons:highlandgrass":3,"duneons:outposttiles":1,"minecraft:spruce_leaves":1,"travelersbackpack:iron":2,"minecraft:oxeye_daisy":1,"minecraft:nether_wart":22,"mysticalagriculture:inferium_ore":5,"biomesoplenty:pus_bubble":1,"minecraft:furnace":11,"duneons:outpostbrickschiseled":1,"minecraft:iron_ore":53,"duneons:highlandsnowgrass":1,"minecraft:fire":14,"minecraft:cobbled_deepslate":7,"minecraft:andesite":5,"minecraft:deepslate_lapis_ore":7,"biomesoplenty:flesh":2,"duneons:outpostbricks":2,"minecraft:gold_block":1,"biomesoplenty:hanging_cobweb":1,"minecraft:twisting_vines":1,"minecraft:deepslate_iron_ore":16,"minecraft:magenta_concrete_powder":1,"biomesoplenty:webbing":2,"minecraft:light_gray_concrete":3,"biomesoplenty:flesh_tendons_strand":1,"minecraft:stone":410,"minecraft:bone_block":2,"minecraft:glass_pane":1,"minecraft:soul_fire":2,"biomesoplenty:wildflower":1,"minecraft:clay":4,"minecraft:crafting_table":6,"minecraft:copper_ore":26,"minecraft:tall_grass":11,"minecraft:cobblestone":2,"minecraft:deepslate_gold_ore":13,"minecraft:lapis_ore":7,"minecraft:sugar_cane":8,"minecraft:diorite":2,"minecraft:seagrass":2,"minecraft:purple_bed":1,"minecraft:spruce_log":27,"minecraft:yellow_bed":3,"minecraft:grass":55,"minecraft:coal_ore":64,"minecraft:oak_log":27,"minecraft:gravel":45,"minecraft:dirt":42,"minecraft:sand":44,"biomesoplenty:stringy_cobweb":3,"duneons:dungeonscharreddirt":15,"minecraft:ancient_debris":1,"minecraft:deepslate":576,"minecraft:oak_leaves":3,"mysticalagriculture:deepslate_inferium_ore":4,"luckytntmod:gunpowder_ore":57}},"DataVersion":3337}