{"stats":{"minecraft:crafted":{"minecraft:oak_planks":4,"minecraft:stone_shovel":1,"minecraft:furnace":9,"minecraft:flint_and_steel":1,"travelersbackpack:white_sleeping_bag":1,"minecraft:iron_boots":1,"minecraft:iron_axe":1,"minecraft:stone_pickaxe":1,"minecraft:chest":1,"minecraft:dark_oak_planks":8,"minecraft:crafting_table":5,"minecraft:spruce_planks":108,"minecraft:wooden_pickaxe":1,"minecraft:iron_helmet":1,"minecraft:iron_sword":1,"minecraft:bucket":2,"minecraft:stone_axe":1,"minecraft:air":0,"minecraft:white_wool":1,"minecraft:iron_chestplate":1,"minecraft:diamond_pickaxe":1,"minecraft:shield":1,"minecraft:stick":48,"minecraft:iron_ingot":63,"minecraft:iron_pickaxe":1,"minecraft:stone_sword":1,"minecraft:gold_ingot":9,"minecraft:iron_leggings":1,"minecraft:white_bed":1},"minecraft:custom":{"minecraft:mob_kills":45,"minecraft:interact_with_crafting_table":17,"minecraft:leave_game":7,"minecraft:time_since_death":7857,"minecraft:climb_one_cm":1795,"minecraft:sprint_one_cm":218570,"minecraft:walk_one_cm":245231,"minecraft:damage_blocked_by_shield":1060,"minecraft:drop":93,"minecraft:play_time":171061,"minecraft:deaths":12,"minecraft:sneak_time":13010,"minecraft:walk_under_water_one_cm":4684,"minecraft:jump":2712,"minecraft:walk_on_water_one_cm":19232,"minecraft:total_world_time":171061,"minecraft:interact_with_furnace":25,"minecraft:sleep_in_bed":2,"minecraft:time_since_rest":6640,"minecraft:waystone_activated":1,"minecraft:damage_taken":2563,"minecraft:damage_dealt":6067,"minecraft:swim_one_cm":19334,"minecraft:fly_one_cm":424929,"minecraft:open_chest":4,"minecraft:crouch_one_cm":30812,"tombstone:undead_killed":15,"minecraft:fall_one_cm":63025},"minecraft:dropped":{"minecraft:porkchop":5,"minecraft:wheat_seeds":4,"minecraft:lapis_lazuli":22,"minecraft:glow_ink_sac":5,"duneons:outpostbrickschiseled":1,"minecraft:cooked_porkchop":7,"minecraft:feather":1,"minecraft:cobblestone":128,"duneons:outposttiles":1,"minecraft:granite":26,"duneons:dungeonscharreddirt":15,"minecraft:flint":1,"minecraft:emerald":2,"minecraft:dirt":63,"minecraft:diorite":2,"minecraft:mutton":9,"tombstone:grave_dust":3,"duneons:dungeonscharredcobblestone":2,"minecraft:bone_block":2,"minecraft:iron_pickaxe":1,"minecraft:dandelion":1,"minecraft:bone":9,"minecraft:gravel":30,"minecraft:stone_axe":1,"alexsmobs:gazelle_horn":1,"minecraft:cooked_chicken":3,"minecraft:stone_sword":5,"alexsmobs:animal_dictionary":1,"minecraft:cobbled_deepslate":360,"minecraft:tuff":19,"duneons:highlandstone":1,"tombstone:gift":5,"minecraft:rotten_flesh":6,"duneons:outpostbricks":2,"minecraft:nether_bricks":2,"alexsmobs:blood_sac":2,"minecraft:spruce_planks":2,"mysticalagriculture:inferium_essence":14,"minecraft:andesite":5,"minecraft:spider_eye":1,"minecraft:arrow":3,"minecraft:raw_gold":13,"minecraft:wooden_pickaxe":1,"minecraft:stone_pickaxe":1,"minecraft:egg":1},"minecraft:killed":{"minecraft:spider":2,"minecraft:skeleton":4,"minecraft:pig":7,"alexsmobs:crimson_mosquito":2,"minecraft:sheep":7,"minecraft:zombie":9,"alexsmobs:gazelle":1,"minecraft:wither_skeleton":2,"minecraft:cow":3,"minecraft:blaze":3},"minecraft:used":{"minecraft:stone_sword":16,"minecraft:flint_and_steel":15,"minecraft:stone_shovel":136,"minecraft:shield":21,"minecraft:iron_sword":118,"minecraft:cooked_chicken":1,"minecraft:rotten_flesh":1,"minecraft:dirt":13,"minecraft:mutton":2,"minecraft:granite":4,"minecraft:obsidian":1,"minecraft:lava_bucket":20,"minecraft:iron_axe":18,"minecraft:furnace":12,"biomesoplenty:blood_bucket":2,"tombstone:gift":2,"minecraft:cobbled_deepslate":62,"biomesoplenty:flesh":1,"minecraft:water_bucket":3,"minecraft:stone_pickaxe":77,"minecraft:wooden_pickaxe":30,"minecraft:crafting_table":8,"minecraft:white_bed":1,"waystones:waystone":1,"minecraft:diamond_pickaxe":814,"minecraft:bread":3,"minecraft:iron_pickaxe":161,"minecraft:pig_spawn_egg":1,"minecraft:stone_axe":9,"duneons:minecartgift":4,"minecraft:cobblestone":71,"minecraft:porkchop":7,"minecraft:cooked_porkchop":1,"minecraft:bucket":27},"minecraft:picked_up":{"minecraft:crafting_table":3,"minecraft:nether_wart":30,"minecraft:clay_ball":16,"biomesoplenty:flesh":1,"duneons:outpostbricks":2,"minecraft:gold_block":1,"alexsmobs:gazelle_horn":1,"minecraft:string":4,"minecraft:raw_copper":39,"mysticalagriculture:inferium_essence":14,"alexsmobs:blood_sac":2,"minecraft:cobbled_deepslate":547,"minecraft:furnace":3,"duneons:outposttiles":1,"minecraft:egg":1,"minecraft:raw_iron":63,"minecraft:porkchop":12,"tombstone:grave_dust":2,"minecraft:diorite":2,"minecraft:stone_sword":4,"minecraft:arrow":3,"minecraft:rotten_flesh":7,"minecraft:nether_bricks":2,"minecraft:blaze_rod":4,"minecraft:obsidian":1,"minecraft:mutton":11,"minecraft:bone_block":2,"minecraft:white_wool":7,"minecraft:cobblestone":246,"duneons:dungeonscharreddirt":15,"minecraft:feather":1,"minecraft:cooked_beef":16,"minecraft:glow_ink_sac":5,"minecraft:andesite":5,"minecraft:leather":12,"minecraft:flint":2,"minecraft:tuff":19,"minecraft:oak_log":1,"minecraft:ancient_debris":2,"minecraft:gunpowder":89,"minecraft:lapis_lazuli":86,"minecraft:dirt":76,"tombstone:gift":3,"minecraft:bone":9,"minecraft:wheat_seeds":4,"minecraft:raw_gold":13,"minecraft:cooked_chicken":5,"minecraft:sheep_spawn_egg":1,"minecraft:cooked_porkchop":8,"duneons:outpostbrickschiseled":1,"duneons:dungeonscharredcobblestone":2,"minecraft:pig_spawn_egg":1,"minecraft:dandelion":1,"minecraft:gravel":30,"minecraft:sand":27,"minecraft:spruce_log":27,"minecraft:dark_oak_log":2,"minecraft:spider_eye":1,"minecraft:diamond":8,"waystones:waystone":2,"duneons:minecartgift":4,"minecraft:granite":30,"duneons:highlandstone":1,"minecraft:coal":36},"minecraft:killed_by":{"minecraft:wither_skeleton":1,"minecraft:cave_spider":2,"alexsmobs:centipede_head":1,"minecraft:skeleton":1,"minecraft:blaze":1,"minecraft:zombie":2,"alexsmobs:kangaroo":1,"alexsmobs:crimson_mosquito":1,"alexsmobs:grizzly_bear":1},"minecraft:mined":{"minecraft:diamond_ore":2,"minecraft:tuff":19,"minecraft:deepslate_diamond_ore":6,"biomesoplenty:desert_grass":10,"minecraft:obsidian":1,"duneons:charredstone":2,"minecraft:nether_bricks":2,"minecraft:granite":30,"biomesoplenty:bush":6,"minecraft:grass_block":23,"duneons:highlandtallgrass":1,"duneons:highlandgrass":3,"duneons:outposttiles":1,"minecraft:spruce_leaves":1,"minecraft:nether_wart":22,"biomesoplenty:pus_bubble":1,"minecraft:furnace":3,"duneons:outpostbrickschiseled":1,"minecraft:iron_ore":49,"duneons:highlandsnowgrass":1,"minecraft:cobbled_deepslate":5,"minecraft:fire":14,"minecraft:andesite":5,"minecraft:deepslate_lapis_ore":7,"biomesoplenty:flesh":2,"duneons:outpostbricks":2,"minecraft:gold_block":1,"biomesoplenty:hanging_cobweb":1,"minecraft:twisting_vines":1,"minecraft:deepslate_iron_ore":16,"biomesoplenty:webbing":2,"biomesoplenty:flesh_tendons_strand":1,"minecraft:stone":244,"minecraft:bone_block":2,"minecraft:soul_fire":2,"minecraft:clay":4,"minecraft:crafting_table":3,"minecraft:copper_ore":11,"minecraft:tall_grass":8,"minecraft:cobblestone":2,"minecraft:lapis_ore":7,"minecraft:deepslate_gold_ore":13,"minecraft:diorite":2,"minecraft:spruce_log":27,"minecraft:grass":33,"minecraft:oak_log":1,"minecraft:coal_ore":36,"minecraft:sand":27,"minecraft:gravel":32,"minecraft:dirt":42,"biomesoplenty:stringy_cobweb":3,"duneons:dungeonscharreddirt":15,"minecraft:ancient_debris":1,"minecraft:oak_leaves":2,"mysticalagriculture:deepslate_inferium_ore":1,"minecraft:deepslate":564,"luckytntmod:gunpowder_ore":21}},"DataVersion":3337}