{"stats":{"minecraft:killed":{"minecraft:spider":4,"minecraft:skeleton":6,"minecraft:pig":7,"alexsmobs:crimson_mosquito":2,"minecraft:sheep":16,"minecraft:zombie":15,"minecraft:cow":7,"minecraft:blaze":3,"minecraft:drowned":1,"alexsmobs:crocodile":1,"alexsmobs:gazelle":1,"minecraft:wither_skeleton":2},"minecraft:crafted":{"minecraft:light_gray_concrete_powder":8,"minecraft:oak_planks":4,"travelersbackpack:iron":1,"minecraft:lever":1,"minecraft:glass":27,"minecraft:iron_boots":1,"minecraft:magenta_concrete_powder":8,"minecraft:chest":1,"minecraft:rail":16,"minecraft:magenta_dye":1,"minecraft:crafting_table":5,"minecraft:spruce_planks":108,"minecraft:wooden_pickaxe":1,"travelersbackpack:standard":1,"minecraft:iron_helmet":1,"minecraft:spruce_door":3,"minecraft:copper_ingot":92,"minecraft:tnt":32,"minecraft:iron_chestplate":1,"minecraft:diamond_pickaxe":2,"minecraft:shield":1,"minecraft:stick":48,"minecraft:iron_ingot":150,"minecraft:iron_pickaxe":1,"minecraft:stone_sword":1,"minecraft:gold_ingot":9,"minecraft:light_gray_dye":1,"minecraft:raw_iron":9,"minecraft:stone_shovel":1,"minecraft:furnace":9,"firstaid:plaster":2,"minecraft:flint_and_steel":1,"travelersbackpack:white_sleeping_bag":1,"minecraft:iron_axe":2,"minecraft:stone_pickaxe":1,"minecraft:dark_oak_planks":8,"cgm:workbench":1,"travelersbackpack:backpack_tank":2,"minecraft:iron_sword":1,"minecraft:bucket":2,"minecraft:stone_axe":1,"minecraft:air":0,"minecraft:white_wool":1,"minecraft:iron_shovel":1,"minecraft:iron_leggings":1,"minecraft:white_bed":1},"minecraft:broken":{"minecraft:iron_chestplate":1,"minecraft:stone_shovel":1,"minecraft:iron_helmet":1},"minecraft:killed_by":{"minecraft:wither_skeleton":1,"minecraft:creeper":2,"minecraft:drowned":2,"alexsmobs:crocodile":2,"minecraft:cave_spider":2,"minecraft:blaze":1,"minecraft:zombie":2,"alexsmobs:grizzly_bear":1,"minecraft:player":7,"minecraft:spider":1,"alexsmobs:centipede_head":1,"minecraft:skeleton":2,"alexsmobs:kangaroo":1,"alexsmobs:crimson_mosquito":1},"minecraft:custom":{"minecraft:interact_with_crafting_table":36,"minecraft:open_barrel":7,"goblintraders:trade_with_goblin":17,"minecraft:leave_game":7,"minecraft:time_since_death":23952,"minecraft:sprint_one_cm":391389,"minecraft:damage_blocked_by_shield":2089,"minecraft:drop":164,"minecraft:talked_to_villager":2,"minecraft:play_time":290730,"minecraft:deaths":30,"minecraft:jump":4112,"minecraft:walk_on_water_one_cm":38812,"minecraft:interact_with_furnace":62,"minecraft:sleep_in_bed":4,"minecraft:waystone_activated":3,"minecraft:damage_dealt":10406,"minecraft:player_kills":6,"minecraft:crouch_one_cm":66007,"tombstone:undead_killed":24,"minecraft:mob_kills":70,"minecraft:climb_one_cm":1795,"minecraft:walk_one_cm":502921,"minecraft:sneak_time":25507,"minecraft:walk_under_water_one_cm":16161,"minecraft:interact_with_blast_furnace":26,"minecraft:total_world_time":290730,"minecraft:time_since_rest":23984,"minecraft:damage_taken":5978,"minecraft:swim_one_cm":78267,"minecraft:fly_one_cm":644552,"minecraft:open_chest":11,"minecraft:fall_one_cm":94160},"minecraft:picked_up":{"alexsmobs:gazelle_horn":1,"minecraft:string":6,"minecraft:raw_copper":92,"alexsmobs:blood_sac":2,"mysticalagriculture:inferium_essence":49,"minecraft:cobbled_deepslate":824,"minecraft:spruce_planks":4,"duneons:outposttiles":1,"minecraft:furnace":13,"minecraft:stick":2,"minecraft:magenta_concrete_powder":1,"minecraft:porkchop":12,"minecraft:diorite":2,"tombstone:grave_dust":6,"travelersbackpack:iron":4,"minecraft:stone_sword":4,"minecraft:rotten_flesh":14,"alexsmobs:emu_egg":1,"minecraft:blaze_rod":4,"minecraft:obsidian":7,"minecraft:cobblestone":423,"minecraft:feather":1,"minecraft:cooked_beef":16,"minecraft:andesite":5,"minecraft:tuff":60,"duneons:burstgale":1,"minecraft:flint":2,"minecraft:dirt":83,"minecraft:lapis_lazuli":86,"minecraft:bone":10,"minecraft:wheat_seeds":12,"minecraft:raw_gold":13,"minecraft:oak_planks":1,"minecraft:sheep_spawn_egg":1,"minecraft:cooked_porkchop":8,"minecraft:pig_spawn_egg":1,"minecraft:sand":402,"minecraft:dark_oak_log":2,"minecraft:light_gray_concrete":3,"minecraft:diamond":18,"waystones:waystone":3,"minecraft:granite":48,"duneons:highlandstone":1,"minecraft:diamond_pickaxe":1,"minecraft:crafting_table":6,"minecraft:nether_wart":30,"minecraft:clay_ball":16,"biomesoplenty:flesh":1,"minecraft:gold_block":1,"duneons:outpostbricks":2,"minecraft:beef":9,"minecraft:poppy":6,"biomesoplenty:wildflower":3,"minecraft:sugar_cane":22,"minecraft:egg":1,"minecraft:raw_iron":124,"minecraft:redstone":21,"luckytntmod:deepslate_uranium_ore":6,"minecraft:arrow":5,"minecraft:nether_bricks":2,"minecraft:mutton":24,"duneons:goatgear_chestplate":1,"minecraft:white_wool":14,"minecraft:bone_block":2,"minecraft:rail":2,"minecraft:oxeye_daisy":1,"duneons:dungeonscharreddirt":15,"minecraft:glow_ink_sac":5,"minecraft:leather":16,"minecraft:oak_log":27,"minecraft:ancient_debris":2,"minecraft:yellow_bed":8,"minecraft:gunpowder":251,"tombstone:gift":3,"minecraft:cooked_chicken":5,"duneons:outpostbrickschiseled":1,"duneons:dungeonscharredcobblestone":2,"minecraft:dandelion":1,"minecraft:raw_iron_block":1,"minecraft:gravel":43,"minecraft:blast_furnace":2,"minecraft:white_bed":4,"minecraft:spruce_log":27,"minecraft:spider_eye":2,"duneons:minecartgift":10,"minecraft:gray_wool":1,"tombstone:magic_scroll":1,"minecraft:coal":63,"cgm:workbench":1},"minecraft:used":{"alexsmobs:emu_egg":1,"minecraft:iron_shovel":24,"minecraft:shield":37,"minecraft:iron_sword":222,"minecraft:rotten_flesh":1,"minecraft:mutton":2,"travelersbackpack:iron":7,"minecraft:tuff":2,"minecraft:obsidian":1,"minecraft:lava_bucket":43,"minecraft:furnace":14,"biomesoplenty:flesh":1,"minecraft:spruce_door":2,"minecraft:stone_pickaxe":77,"minecraft:wooden_pickaxe":30,"minecraft:sand":3,"minecraft:blast_furnace":1,"waystones:waystone":2,"minecraft:lever":1,"minecraft:bread":6,"minecraft:gravel":5,"minecraft:stone_sword":16,"minecraft:flint_and_steel":15,"minecraft:stone_shovel":143,"minecraft:redstone":3,"minecraft:cooked_chicken":1,"minecraft:dirt":13,"cgm:workbench":1,"minecraft:granite":4,"minecraft:iron_axe":60,"biomesoplenty:blood_bucket":4,"tombstone:gift":2,"minecraft:cooked_beef":2,"minecraft:cobbled_deepslate":90,"minecraft:water_bucket":29,"minecraft:rail":2,"minecraft:crafting_table":11,"minecraft:white_bed":5,"minecraft:light_gray_concrete_powder":3,"minecraft:diamond_pickaxe":1492,"minecraft:diamond_shovel":369,"minecraft:pig_spawn_egg":1,"minecraft:iron_pickaxe":161,"minecraft:magenta_concrete_powder":1,"minecraft:stone_axe":9,"duneons:minecartgift":10,"minecraft:cobblestone":108,"minecraft:cooked_porkchop":1,"minecraft:porkchop":7,"minecraft:bucket":78,"minecraft:yellow_bed":6},"minecraft:dropped":{"minecraft:porkchop":5,"minecraft:lapis_lazuli":22,"minecraft:cooked_beef":6,"minecraft:glow_ink_sac":5,"minecraft:diamond":2,"minecraft:cooked_porkchop":7,"minecraft:rail":16,"minecraft:emerald":2,"minecraft:flint":1,"minecraft:dirt":70,"minecraft:mutton":22,"minecraft:bone_block":2,"minecraft:sand":7,"minecraft:iron_pickaxe":1,"minecraft:bone":10,"minecraft:gravel":30,"minecraft:stone_axe":1,"alexsmobs:gazelle_horn":1,"minecraft:cooked_chicken":3,"alexsmobs:animal_dictionary":1,"minecraft:cobbled_deepslate":611,"minecraft:wheat":6,"tombstone:gift":6,"minecraft:rotten_flesh":13,"minecraft:oak_planks":1,"minecraft:poppy":6,"alexsmobs:blood_sac":2,"mysticalagriculture:inferium_essence":23,"biomesoplenty:wildflower":2,"minecraft:arrow":5,"minecraft:beef":9,"minecraft:glass":1,"minecraft:light_gray_concrete_powder":5,"minecraft:egg":1,"minecraft:wheat_seeds":12,"duneons:goatgear_chestplate":1,"duneons:outpostbrickschiseled":1,"minecraft:feather":1,"minecraft:cobblestone":297,"duneons:outposttiles":1,"minecraft:granite":44,"duneons:dungeonscharreddirt":15,"minecraft:spruce_door":1,"minecraft:gray_wool":1,"minecraft:diorite":2,"tombstone:grave_dust":7,"duneons:dungeonscharredcobblestone":2,"minecraft:iron_shovel":1,"minecraft:redstone":18,"minecraft:dandelion":1,"minecraft:stone_sword":5,"minecraft:tuff":58,"duneons:highlandstone":1,"duneons:outpostbricks":2,"minecraft:clay_ball":16,"minecraft:nether_bricks":2,"minecraft:spruce_planks":2,"minecraft:diamond_pickaxe":2,"minecraft:andesite":5,"minecraft:spider_eye":1,"minecraft:magenta_concrete_powder":8,"duneons:minecartgift":1,"minecraft:stone_pickaxe":1,"minecraft:wooden_pickaxe":1,"minecraft:raw_gold":13},"minecraft:mined":{"minecraft:white_bed":4,"minecraft:obsidian":1,"duneons:charredstone":2,"minecraft:granite":39,"minecraft:grass_block":26,"duneons:outposttiles":1,"travelersbackpack:iron":4,"minecraft:nether_wart":22,"minecraft:oxeye_daisy":1,"mysticalagriculture:inferium_ore":5,"biomesoplenty:pus_bubble":1,"luckytntmod:deepslate_uranium_ore":6,"minecraft:raw_iron_block":1,"duneons:highlandsnowgrass":1,"minecraft:iron_ore":53,"minecraft:cobbled_deepslate":28,"minecraft:fire":14,"minecraft:deepslate_lapis_ore":7,"duneons:outpostbricks":2,"biomesoplenty:hanging_cobweb":1,"minecraft:twisting_vines":1,"biomesoplenty:webbing":2,"minecraft:light_gray_concrete":3,"minecraft:deepslate_redstone_ore":4,"biomesoplenty:wildflower":1,"minecraft:soul_fire":2,"minecraft:clay":4,"minecraft:blast_furnace":2,"minecraft:cobblestone":9,"minecraft:sugar_cane":8,"minecraft:seagrass":2,"minecraft:grass":55,"minecraft:oak_log":27,"minecraft:sand":406,"minecraft:dirt":46,"duneons:dungeonscharreddirt":15,"minecraft:ancient_debris":1,"minecraft:oak_leaves":3,"mysticalagriculture:deepslate_inferium_ore":6,"minecraft:deepslate":798,"minecraft:diamond_ore":2,"minecraft:tuff":62,"minecraft:deepslate_diamond_ore":11,"biomesoplenty:desert_grass":23,"luckytntmod:deepslate_gunpowder_ore":4,"minecraft:nether_bricks":2,"biomesoplenty:bush":9,"duneons:highlandtallgrass":1,"duneons:highlandgrass":3,"minecraft:redstone_wire":1,"minecraft:spruce_leaves":1,"cgm:workbench":1,"minecraft:furnace":13,"duneons:outpostbrickschiseled":1,"minecraft:andesite":5,"biomesoplenty:flesh":2,"minecraft:gold_block":1,"minecraft:deepslate_iron_ore":73,"minecraft:magenta_concrete_powder":1,"minecraft:rail":2,"biomesoplenty:flesh_tendons_strand":1,"minecraft:stone":410,"minecraft:bone_block":2,"minecraft:glass_pane":1,"minecraft:crafting_table":6,"minecraft:tall_grass":11,"minecraft:copper_ore":26,"minecraft:lapis_ore":7,"minecraft:deepslate_gold_ore":13,"minecraft:diorite":2,"minecraft:purple_bed":1,"minecraft:spruce_log":27,"minecraft:yellow_bed":7,"minecraft:coal_ore":64,"minecraft:gravel":45,"biomesoplenty:stringy_cobweb":3,"luckytntmod:gunpowder_ore":57}},"DataVersion":3337}