{"stats":{"minecraft:used":{"minecraft:stone_sword":13,"minecraft:stone_shovel":4,"minecraft:stone_pickaxe":77,"minecraft:wooden_pickaxe":30,"minecraft:dirt":13,"minecraft:crafting_table":5,"minecraft:granite":4,"minecraft:diamond_pickaxe":147,"minecraft:iron_pickaxe":161,"minecraft:stone_axe":9,"minecraft:cobblestone":19,"minecraft:furnace":2,"minecraft:bucket":1,"tombstone:gift":2,"minecraft:cobbled_deepslate":16},"minecraft:crafted":{"minecraft:oak_planks":4,"minecraft:stone_shovel":1,"minecraft:crafting_table":2,"minecraft:spruce_planks":40,"minecraft:wooden_pickaxe":1,"minecraft:furnace":1,"minecraft:bucket":2,"minecraft:stone_axe":1,"minecraft:air":0,"minecraft:diamond_pickaxe":1,"minecraft:stick":24,"minecraft:iron_ingot":27,"minecraft:iron_pickaxe":1,"minecraft:stone_pickaxe":1,"minecraft:stone_sword":1},"minecraft:custom":{"minecraft:interact_with_furnace":11,"minecraft:mob_kills":3,"minecraft:interact_with_crafting_table":8,"minecraft:leave_game":1,"minecraft:time_since_death":65704,"minecraft:time_since_rest":65734,"minecraft:sprint_one_cm":27034,"minecraft:damage_taken":960,"minecraft:walk_one_cm":68547,"minecraft:drop":8,"minecraft:damage_dealt":553,"minecraft:fly_one_cm":68054,"minecraft:crouch_one_cm":18568,"minecraft:play_time":87289,"tombstone:undead_killed":2,"minecraft:deaths":4,"minecraft:sneak_time":8103,"minecraft:jump":567,"minecraft:walk_on_water_one_cm":7637,"minecraft:total_world_time":87289,"minecraft:fall_one_cm":15115},"minecraft:mined":{"minecraft:diamond_ore":2,"minecraft:tuff":5,"minecraft:deepslate_diamond_ore":5,"minecraft:crafting_table":3,"minecraft:granite":7,"biomesoplenty:bush":3,"minecraft:grass_block":5,"minecraft:tall_grass":2,"minecraft:copper_ore":11,"minecraft:deepslate_gold_ore":7,"minecraft:spruce_leaves":1,"minecraft:lapis_ore":7,"minecraft:diorite":2,"minecraft:furnace":1,"minecraft:iron_ore":37,"minecraft:spruce_log":10,"minecraft:andesite":5,"biomesoplenty:hanging_cobweb":1,"minecraft:grass":2,"minecraft:coal_ore":36,"minecraft:oak_log":1,"minecraft:deepslate_iron_ore":9,"biomesoplenty:webbing":2,"minecraft:dirt":8,"biomesoplenty:stringy_cobweb":3,"minecraft:stone":54,"minecraft:oak_leaves":2,"minecraft:deepslate":221},"minecraft:killed":{"minecraft:zombie":2},"minecraft:killed_by":{"minecraft:cave_spider":2,"alexsmobs:centipede_head":1,"minecraft:zombie":1},"minecraft:dropped":{"minecraft:tuff":5,"minecraft:rotten_flesh":2,"minecraft:granite":3,"minecraft:diorite":2,"minecraft:spruce_planks":1,"minecraft:andesite":5,"minecraft:stone_pickaxe":1,"minecraft:wooden_pickaxe":1},"minecraft:picked_up":{"minecraft:crafting_table":3,"minecraft:glow_ink_sac":5,"minecraft:andesite":5,"minecraft:tuff":5,"minecraft:oak_log":1,"minecraft:lapis_lazuli":46,"minecraft:dirt":13,"minecraft:raw_copper":39,"mysticalagriculture:inferium_essence":1,"minecraft:cobbled_deepslate":208,"minecraft:raw_gold":7,"minecraft:furnace":1,"minecraft:raw_iron":44,"minecraft:diorite":2,"minecraft:spruce_log":10,"minecraft:rotten_flesh":2,"minecraft:diamond":7,"minecraft:granite":7,"minecraft:coal":36,"minecraft:cobblestone":54}},"DataVersion":3337}