{"stats":{"minecraft:used":{"minecraft:water_bucket":1,"minecraft:stone_sword":13,"minecraft:stone_shovel":10,"minecraft:stone_pickaxe":77,"minecraft:wooden_pickaxe":30,"minecraft:dirt":13,"minecraft:crafting_table":5,"minecraft:granite":4,"minecraft:diamond_pickaxe":400,"minecraft:lava_bucket":10,"minecraft:iron_pickaxe":161,"minecraft:stone_axe":9,"minecraft:cobblestone":19,"minecraft:furnace":2,"minecraft:bucket":13,"tombstone:gift":2,"minecraft:cobbled_deepslate":57},"minecraft:crafted":{"minecraft:oak_planks":4,"minecraft:stone_shovel":1,"minecraft:crafting_table":2,"minecraft:spruce_planks":40,"minecraft:wooden_pickaxe":1,"minecraft:iron_helmet":1,"minecraft:iron_sword":1,"minecraft:furnace":1,"minecraft:bucket":2,"minecraft:stone_axe":1,"minecraft:air":0,"minecraft:flint_and_steel":1,"minecraft:iron_boots":1,"minecraft:iron_chestplate":1,"minecraft:diamond_pickaxe":1,"minecraft:iron_axe":1,"minecraft:stick":24,"minecraft:iron_ingot":48,"minecraft:iron_pickaxe":1,"minecraft:stone_pickaxe":1,"minecraft:stone_sword":1,"minecraft:iron_leggings":1},"minecraft:custom":{"minecraft:interact_with_furnace":13,"minecraft:mob_kills":3,"minecraft:interact_with_crafting_table":10,"minecraft:leave_game":2,"minecraft:time_since_death":77628,"minecraft:time_since_rest":77658,"minecraft:sprint_one_cm":35444,"minecraft:damage_taken":990,"minecraft:walk_one_cm":93639,"minecraft:drop":17,"minecraft:damage_dealt":553,"minecraft:fly_one_cm":72301,"minecraft:crouch_one_cm":25227,"minecraft:play_time":99213,"tombstone:undead_killed":2,"minecraft:deaths":4,"minecraft:sneak_time":10685,"minecraft:walk_under_water_one_cm":24,"minecraft:jump":699,"minecraft:walk_on_water_one_cm":8052,"minecraft:total_world_time":99213,"minecraft:fall_one_cm":15934},"minecraft:mined":{"minecraft:diamond_ore":2,"minecraft:tuff":19,"minecraft:deepslate_diamond_ore":6,"minecraft:crafting_table":3,"minecraft:granite":7,"biomesoplenty:bush":3,"minecraft:grass_block":5,"minecraft:tall_grass":2,"minecraft:copper_ore":11,"minecraft:lapis_ore":7,"minecraft:spruce_leaves":1,"minecraft:deepslate_gold_ore":13,"minecraft:diorite":2,"minecraft:furnace":1,"minecraft:iron_ore":37,"minecraft:cobbled_deepslate":4,"minecraft:spruce_log":10,"minecraft:andesite":5,"minecraft:deepslate_lapis_ore":7,"biomesoplenty:hanging_cobweb":1,"minecraft:grass":2,"minecraft:oak_log":1,"minecraft:coal_ore":36,"minecraft:deepslate_iron_ore":13,"biomesoplenty:webbing":2,"minecraft:gravel":18,"minecraft:dirt":8,"biomesoplenty:stringy_cobweb":3,"minecraft:stone":54,"minecraft:oak_leaves":2,"mysticalagriculture:deepslate_inferium_ore":1,"minecraft:deepslate":425},"minecraft:killed":{"minecraft:zombie":2},"minecraft:killed_by":{"minecraft:cave_spider":2,"alexsmobs:centipede_head":1,"minecraft:zombie":1},"minecraft:dropped":{"minecraft:gravel":17,"minecraft:stone_axe":1,"minecraft:glow_ink_sac":5,"minecraft:stone_sword":1,"minecraft:cobbled_deepslate":99,"minecraft:tuff":19,"minecraft:rotten_flesh":2,"minecraft:granite":3,"minecraft:diorite":2,"minecraft:spruce_planks":1,"minecraft:andesite":5,"tombstone:grave_dust":1,"minecraft:wooden_pickaxe":1,"minecraft:stone_pickaxe":1,"minecraft:iron_pickaxe":1},"minecraft:picked_up":{"minecraft:crafting_table":3,"minecraft:glow_ink_sac":5,"minecraft:andesite":5,"minecraft:flint":1,"minecraft:tuff":19,"minecraft:oak_log":1,"minecraft:lapis_lazuli":86,"minecraft:dirt":13,"minecraft:raw_copper":39,"mysticalagriculture:inferium_essence":4,"minecraft:cobbled_deepslate":404,"minecraft:raw_gold":13,"minecraft:furnace":1,"minecraft:raw_iron":48,"minecraft:gravel":17,"minecraft:diorite":2,"minecraft:spruce_log":10,"minecraft:rotten_flesh":2,"minecraft:diamond":8,"minecraft:granite":7,"minecraft:coal":36,"minecraft:cobblestone":54}},"DataVersion":3337}