{"stats":{"minecraft:used":{"minecraft:stone_sword":13,"minecraft:stone_shovel":4,"minecraft:stone_pickaxe":77,"minecraft:wooden_pickaxe":30,"minecraft:dirt":13,"minecraft:crafting_table":4,"minecraft:granite":4,"minecraft:iron_pickaxe":77,"minecraft:stone_axe":9,"minecraft:cobblestone":19,"minecraft:furnace":1,"tombstone:gift":2},"minecraft:crafted":{"minecraft:oak_planks":4,"minecraft:stone_shovel":1,"minecraft:crafting_table":2,"minecraft:spruce_planks":40,"minecraft:wooden_pickaxe":1,"minecraft:furnace":1,"minecraft:stone_axe":1,"minecraft:air":0,"minecraft:stick":24,"minecraft:iron_ingot":19,"minecraft:iron_pickaxe":1,"minecraft:stone_pickaxe":1,"minecraft:stone_sword":1},"minecraft:custom":{"minecraft:interact_with_furnace":6,"minecraft:mob_kills":3,"minecraft:interact_with_crafting_table":6,"minecraft:leave_game":1,"minecraft:time_since_death":53704,"minecraft:time_since_rest":53734,"minecraft:sprint_one_cm":27034,"minecraft:damage_taken":950,"minecraft:walk_one_cm":56916,"minecraft:drop":2,"minecraft:damage_dealt":553,"minecraft:fly_one_cm":68054,"minecraft:crouch_one_cm":8794,"minecraft:play_time":75289,"tombstone:undead_killed":2,"minecraft:deaths":4,"minecraft:sneak_time":3846,"minecraft:jump":516,"minecraft:walk_on_water_one_cm":7637,"minecraft:total_world_time":75289,"minecraft:fall_one_cm":14511},"minecraft:mined":{"minecraft:diamond_ore":2,"minecraft:crafting_table":3,"minecraft:granite":7,"biomesoplenty:bush":3,"minecraft:grass_block":5,"minecraft:tall_grass":2,"minecraft:copper_ore":11,"minecraft:deepslate_gold_ore":5,"minecraft:spruce_leaves":1,"minecraft:lapis_ore":7,"minecraft:diorite":2,"minecraft:furnace":1,"minecraft:iron_ore":37,"minecraft:spruce_log":10,"minecraft:andesite":5,"biomesoplenty:hanging_cobweb":1,"minecraft:grass":2,"minecraft:coal_ore":36,"minecraft:oak_log":1,"minecraft:deepslate_iron_ore":7,"biomesoplenty:webbing":2,"minecraft:dirt":8,"biomesoplenty:stringy_cobweb":3,"minecraft:stone":54,"minecraft:oak_leaves":2,"minecraft:deepslate":4},"minecraft:dropped":{"minecraft:spruce_planks":1,"minecraft:wooden_pickaxe":1},"minecraft:killed":{"minecraft:zombie":2},"minecraft:killed_by":{"minecraft:cave_spider":2,"alexsmobs:centipede_head":1,"minecraft:zombie":1},"minecraft:picked_up":{"minecraft:crafting_table":3,"minecraft:glow_ink_sac":5,"minecraft:andesite":5,"minecraft:oak_log":1,"minecraft:lapis_lazuli":46,"minecraft:dirt":13,"minecraft:raw_copper":39,"mysticalagriculture:inferium_essence":1,"minecraft:cobbled_deepslate":4,"minecraft:raw_gold":5,"minecraft:furnace":1,"minecraft:raw_iron":42,"minecraft:diorite":2,"minecraft:spruce_log":10,"minecraft:rotten_flesh":2,"minecraft:diamond":2,"minecraft:granite":7,"minecraft:coal":36,"minecraft:cobblestone":54}},"DataVersion":3337}