{"stats":{"minecraft:used":{"minecraft:stone_sword":13,"minecraft:stone_shovel":4,"minecraft:stone_pickaxe":77,"minecraft:iron_pickaxe":29,"minecraft:wooden_pickaxe":30,"minecraft:stone_axe":9,"minecraft:dirt":9,"minecraft:crafting_table":4,"minecraft:furnace":1,"tombstone:gift":2,"minecraft:granite":4},"minecraft:crafted":{"minecraft:oak_planks":4,"minecraft:stone_shovel":1,"minecraft:crafting_table":2,"minecraft:spruce_planks":40,"minecraft:stick":24,"minecraft:iron_pickaxe":1,"minecraft:iron_ingot":19,"minecraft:wooden_pickaxe":1,"minecraft:stone_pickaxe":1,"minecraft:stone_sword":1,"minecraft:furnace":1,"minecraft:stone_axe":1,"minecraft:air":0},"minecraft:custom":{"minecraft:time_since_rest":4957,"minecraft:interact_with_furnace":6,"minecraft:sprint_one_cm":11589,"minecraft:damage_taken":480,"minecraft:walk_one_cm":36333,"minecraft:mob_kills":2,"minecraft:drop":2,"minecraft:damage_dealt":498,"minecraft:interact_with_crafting_table":6,"minecraft:fly_one_cm":29779,"tombstone:undead_killed":2,"minecraft:crouch_one_cm":7392,"minecraft:play_time":17341,"minecraft:deaths":2,"minecraft:sneak_time":3369,"minecraft:jump":322,"minecraft:walk_on_water_one_cm":7637,"minecraft:time_since_death":4929,"minecraft:total_world_time":17341,"minecraft:fall_one_cm":5405},"minecraft:mined":{"minecraft:diamond_ore":2,"minecraft:furnace":1,"minecraft:iron_ore":22,"minecraft:spruce_log":10,"minecraft:andesite":2,"minecraft:crafting_table":3,"biomesoplenty:hanging_cobweb":1,"minecraft:granite":7,"minecraft:grass":2,"biomesoplenty:bush":3,"minecraft:coal_ore":22,"minecraft:grass_block":5,"minecraft:oak_log":1,"minecraft:deepslate_iron_ore":5,"minecraft:dirt":8,"biomesoplenty:stringy_cobweb":3,"minecraft:tall_grass":1,"minecraft:copper_ore":11,"minecraft:deepslate_gold_ore":5,"minecraft:spruce_leaves":1,"minecraft:lapis_ore":3,"minecraft:stone":50,"minecraft:diorite":1,"minecraft:oak_leaves":2,"minecraft:deepslate":1},"minecraft:killed_by":{"minecraft:cave_spider":2},"minecraft:dropped":{"minecraft:spruce_planks":1,"minecraft:wooden_pickaxe":1},"minecraft:killed":{"minecraft:zombie":2},"minecraft:picked_up":{"minecraft:raw_iron":25,"minecraft:crafting_table":3,"minecraft:glow_ink_sac":5,"minecraft:andesite":2,"minecraft:oak_log":1,"minecraft:diorite":1,"minecraft:spruce_log":10,"minecraft:lapis_lazuli":20,"minecraft:dirt":13,"minecraft:raw_copper":39,"minecraft:rotten_flesh":2,"minecraft:diamond":2,"mysticalagriculture:inferium_essence":1,"minecraft:cobbled_deepslate":1,"minecraft:raw_gold":5,"minecraft:granite":7,"minecraft:coal":22,"minecraft:cobblestone":50,"minecraft:furnace":1}},"DataVersion":3337}