{"stats":{"minecraft:custom":{"minecraft:jump":59,"minecraft:time_since_rest":7199,"minecraft:leave_game":1,"minecraft:damage_dealt":65,"minecraft:crouch_one_cm":178,"minecraft:sprint_one_cm":2614,"minecraft:play_time":7199,"minecraft:damage_taken":30,"minecraft:time_since_death":7199,"minecraft:walk_one_cm":4413,"minecraft:sneak_time":40,"minecraft:total_world_time":7199,"minecraft:mob_kills":1,"minecraft:fall_one_cm":1562,"minecraft:fly_one_cm":3730},"minecraft:picked_up":{"minecraft:sheep_spawn_egg":1,"minecraft:mutton":1,"minecraft:wheat_seeds":1,"mysticalagriculture:inferium_essence":1,"minecraft:white_wool":1},"minecraft:mined":{"minecraft:grass":6}},"DataVersion":3337}