{"stats":{"minecraft:crafted":{"minecraft:oak_planks":4,"minecraft:stone_shovel":1,"minecraft:furnace":9,"minecraft:flint_and_steel":1,"minecraft:iron_boots":1,"minecraft:iron_axe":1,"minecraft:stone_pickaxe":1,"minecraft:dark_oak_planks":8,"minecraft:crafting_table":3,"minecraft:spruce_planks":108,"minecraft:wooden_pickaxe":1,"minecraft:iron_helmet":1,"minecraft:iron_sword":1,"minecraft:bucket":2,"minecraft:stone_axe":1,"minecraft:air":0,"minecraft:iron_chestplate":1,"minecraft:diamond_pickaxe":1,"minecraft:shield":1,"minecraft:stick":48,"minecraft:iron_ingot":63,"minecraft:iron_pickaxe":1,"minecraft:stone_sword":1,"minecraft:iron_leggings":1},"minecraft:custom":{"minecraft:mob_kills":32,"minecraft:interact_with_crafting_table":11,"minecraft:leave_game":6,"minecraft:time_since_death":6625,"minecraft:climb_one_cm":1355,"minecraft:sprint_one_cm":155439,"minecraft:walk_one_cm":202900,"minecraft:damage_blocked_by_shield":1010,"minecraft:drop":63,"minecraft:play_time":147349,"minecraft:deaths":8,"minecraft:sneak_time":12209,"minecraft:walk_under_water_one_cm":2916,"minecraft:jump":2044,"minecraft:walk_on_water_one_cm":15413,"minecraft:total_world_time":147349,"minecraft:interact_with_furnace":21,"minecraft:time_since_rest":6653,"minecraft:damage_taken":1800,"minecraft:damage_dealt":4262,"minecraft:swim_one_cm":5926,"minecraft:fly_one_cm":287853,"minecraft:open_chest":2,"minecraft:crouch_one_cm":28712,"tombstone:undead_killed":10,"minecraft:fall_one_cm":46449},"minecraft:dropped":{"minecraft:porkchop":5,"minecraft:wheat_seeds":3,"minecraft:glow_ink_sac":5,"duneons:outpostbrickschiseled":1,"minecraft:cooked_porkchop":2,"minecraft:feather":1,"minecraft:cobblestone":128,"duneons:outposttiles":1,"minecraft:granite":26,"duneons:dungeonscharreddirt":15,"minecraft:flint":1,"minecraft:emerald":2,"minecraft:dirt":63,"minecraft:diorite":2,"minecraft:mutton":3,"tombstone:grave_dust":3,"duneons:dungeonscharredcobblestone":2,"minecraft:iron_pickaxe":1,"minecraft:bone":2,"minecraft:dandelion":1,"minecraft:gravel":30,"minecraft:stone_axe":1,"alexsmobs:gazelle_horn":1,"minecraft:cooked_chicken":2,"minecraft:stone_sword":2,"alexsmobs:animal_dictionary":1,"minecraft:cobbled_deepslate":360,"minecraft:tuff":19,"duneons:highlandstone":1,"tombstone:gift":2,"minecraft:rotten_flesh":4,"duneons:outpostbricks":2,"minecraft:nether_bricks":1,"minecraft:spruce_planks":1,"mysticalagriculture:inferium_essence":9,"minecraft:andesite":5,"minecraft:arrow":2,"minecraft:raw_gold":13,"minecraft:wooden_pickaxe":1,"minecraft:stone_pickaxe":1,"minecraft:egg":1},"minecraft:killed":{"minecraft:skeleton":3,"minecraft:pig":7,"minecraft:sheep":3,"minecraft:zombie":6,"alexsmobs:gazelle":1,"minecraft:wither_skeleton":1,"minecraft:blaze":3,"minecraft:cow":3},"minecraft:used":{"minecraft:stone_sword":13,"minecraft:flint_and_steel":15,"minecraft:stone_shovel":95,"minecraft:shield":19,"minecraft:iron_sword":85,"minecraft:rotten_flesh":1,"minecraft:dirt":13,"minecraft:mutton":2,"minecraft:granite":4,"minecraft:obsidian":1,"minecraft:lava_bucket":20,"minecraft:iron_axe":18,"minecraft:furnace":4,"biomesoplenty:blood_bucket":2,"tombstone:gift":2,"minecraft:cobbled_deepslate":59,"biomesoplenty:flesh":1,"minecraft:water_bucket":3,"minecraft:stone_pickaxe":77,"minecraft:wooden_pickaxe":30,"minecraft:crafting_table":6,"minecraft:diamond_pickaxe":812,"minecraft:bread":1,"minecraft:iron_pickaxe":161,"minecraft:pig_spawn_egg":1,"minecraft:stone_axe":9,"duneons:minecartgift":4,"minecraft:cobblestone":68,"minecraft:porkchop":7,"minecraft:bucket":27},"minecraft:picked_up":{"minecraft:crafting_table":3,"biomesoplenty:flesh":1,"minecraft:gold_block":1,"duneons:outpostbricks":2,"alexsmobs:gazelle_horn":1,"minecraft:raw_copper":39,"mysticalagriculture:inferium_essence":9,"minecraft:cobbled_deepslate":547,"duneons:outposttiles":1,"minecraft:egg":1,"minecraft:furnace":3,"minecraft:raw_iron":63,"minecraft:porkchop":12,"tombstone:grave_dust":2,"minecraft:diorite":2,"minecraft:stone_sword":1,"minecraft:arrow":2,"minecraft:rotten_flesh":5,"minecraft:nether_bricks":1,"minecraft:blaze_rod":2,"minecraft:mutton":5,"minecraft:obsidian":1,"minecraft:white_wool":3,"minecraft:bone_block":2,"minecraft:cobblestone":246,"duneons:dungeonscharreddirt":15,"minecraft:feather":1,"minecraft:cooked_beef":8,"minecraft:glow_ink_sac":5,"minecraft:andesite":5,"minecraft:leather":6,"minecraft:flint":2,"minecraft:tuff":19,"minecraft:oak_log":1,"minecraft:ancient_debris":1,"minecraft:gunpowder":89,"minecraft:lapis_lazuli":86,"minecraft:dirt":76,"minecraft:bone":2,"minecraft:wheat_seeds":3,"minecraft:raw_gold":13,"minecraft:cooked_chicken":2,"minecraft:sheep_spawn_egg":1,"duneons:outpostbrickschiseled":1,"duneons:dungeonscharredcobblestone":2,"minecraft:cooked_porkchop":2,"minecraft:pig_spawn_egg":1,"minecraft:dandelion":1,"minecraft:gravel":30,"minecraft:spruce_log":27,"minecraft:dark_oak_log":2,"minecraft:diamond":8,"waystones:waystone":1,"duneons:minecartgift":4,"minecraft:granite":30,"duneons:highlandstone":1,"minecraft:coal":36},"minecraft:killed_by":{"minecraft:wither_skeleton":1,"minecraft:cave_spider":2,"alexsmobs:centipede_head":1,"minecraft:skeleton":1,"minecraft:zombie":1,"alexsmobs:kangaroo":1,"alexsmobs:grizzly_bear":1},"minecraft:mined":{"minecraft:diamond_ore":2,"minecraft:tuff":19,"minecraft:deepslate_diamond_ore":6,"biomesoplenty:desert_grass":5,"minecraft:obsidian":1,"duneons:charredstone":2,"minecraft:nether_bricks":1,"minecraft:granite":30,"biomesoplenty:bush":6,"minecraft:grass_block":23,"duneons:highlandtallgrass":1,"duneons:highlandgrass":3,"duneons:outposttiles":1,"minecraft:spruce_leaves":1,"minecraft:furnace":3,"duneons:outpostbrickschiseled":1,"duneons:highlandsnowgrass":1,"minecraft:iron_ore":49,"minecraft:cobbled_deepslate":5,"minecraft:fire":14,"minecraft:andesite":5,"minecraft:deepslate_lapis_ore":7,"biomesoplenty:flesh":2,"duneons:outpostbricks":2,"minecraft:gold_block":1,"biomesoplenty:hanging_cobweb":1,"minecraft:twisting_vines":1,"minecraft:deepslate_iron_ore":16,"biomesoplenty:webbing":2,"biomesoplenty:flesh_tendons_strand":1,"minecraft:stone":244,"minecraft:bone_block":2,"minecraft:soul_fire":2,"minecraft:crafting_table":3,"minecraft:cobblestone":2,"minecraft:tall_grass":7,"minecraft:copper_ore":11,"minecraft:lapis_ore":7,"minecraft:deepslate_gold_ore":13,"minecraft:diorite":2,"minecraft:spruce_log":27,"minecraft:grass":20,"minecraft:oak_log":1,"minecraft:coal_ore":36,"minecraft:gravel":32,"minecraft:dirt":42,"biomesoplenty:stringy_cobweb":3,"duneons:dungeonscharreddirt":15,"minecraft:ancient_debris":1,"minecraft:oak_leaves":2,"mysticalagriculture:deepslate_inferium_ore":1,"minecraft:deepslate":564,"luckytntmod:gunpowder_ore":21}},"DataVersion":3337}