{"stats":{"minecraft:used":{"minecraft:water_bucket":1,"minecraft:stone_sword":13,"minecraft:flint_and_steel":1,"minecraft:stone_shovel":74,"minecraft:stone_pickaxe":77,"minecraft:shield":10,"minecraft:wooden_pickaxe":30,"minecraft:iron_sword":17,"minecraft:rotten_flesh":1,"minecraft:dirt":13,"minecraft:crafting_table":6,"minecraft:granite":4,"minecraft:diamond_pickaxe":774,"minecraft:lava_bucket":10,"minecraft:iron_axe":18,"minecraft:iron_pickaxe":161,"minecraft:stone_axe":9,"minecraft:cobblestone":19,"minecraft:furnace":4,"minecraft:bucket":13,"tombstone:gift":2,"minecraft:cobbled_deepslate":59},"minecraft:crafted":{"minecraft:oak_planks":4,"minecraft:stone_shovel":1,"minecraft:crafting_table":3,"minecraft:spruce_planks":108,"minecraft:wooden_pickaxe":1,"minecraft:iron_helmet":1,"minecraft:iron_sword":1,"minecraft:furnace":9,"minecraft:bucket":2,"minecraft:stone_axe":1,"minecraft:air":0,"minecraft:flint_and_steel":1,"minecraft:iron_boots":1,"minecraft:iron_chestplate":1,"minecraft:diamond_pickaxe":1,"minecraft:shield":1,"minecraft:iron_axe":1,"minecraft:stick":32,"minecraft:iron_ingot":63,"minecraft:iron_pickaxe":1,"minecraft:stone_pickaxe":1,"minecraft:stone_sword":1,"minecraft:iron_leggings":1},"minecraft:custom":{"minecraft:interact_with_furnace":21,"minecraft:mob_kills":7,"minecraft:interact_with_crafting_table":11,"minecraft:leave_game":3,"minecraft:time_since_death":2717,"minecraft:time_since_rest":2745,"minecraft:sprint_one_cm":53809,"minecraft:damage_taken":1215,"minecraft:walk_one_cm":123504,"minecraft:damage_blocked_by_shield":500,"minecraft:drop":24,"minecraft:damage_dealt":1147,"minecraft:fly_one_cm":105253,"minecraft:crouch_one_cm":25845,"minecraft:play_time":114885,"tombstone:undead_killed":6,"minecraft:deaths":5,"minecraft:sneak_time":10988,"minecraft:walk_under_water_one_cm":24,"minecraft:jump":1068,"minecraft:walk_on_water_one_cm":12348,"minecraft:total_world_time":114885,"minecraft:fall_one_cm":20058},"minecraft:mined":{"minecraft:diamond_ore":2,"minecraft:tuff":19,"minecraft:deepslate_diamond_ore":6,"duneons:charredstone":2,"minecraft:crafting_table":3,"minecraft:granite":29,"biomesoplenty:bush":3,"minecraft:grass_block":8,"minecraft:tall_grass":2,"minecraft:copper_ore":11,"minecraft:lapis_ore":7,"minecraft:spruce_leaves":1,"minecraft:deepslate_gold_ore":13,"minecraft:diorite":2,"minecraft:furnace":3,"minecraft:iron_ore":49,"minecraft:cobbled_deepslate":5,"minecraft:spruce_log":27,"minecraft:andesite":5,"minecraft:deepslate_lapis_ore":7,"biomesoplenty:flesh":1,"biomesoplenty:hanging_cobweb":1,"minecraft:grass":4,"minecraft:oak_log":1,"minecraft:coal_ore":36,"minecraft:deepslate_iron_ore":16,"biomesoplenty:webbing":2,"minecraft:gravel":32,"minecraft:dirt":42,"biomesoplenty:stringy_cobweb":3,"duneons:dungeonscharreddirt":15,"minecraft:stone":244,"minecraft:oak_leaves":2,"mysticalagriculture:deepslate_inferium_ore":1,"minecraft:deepslate":564},"minecraft:killed":{"minecraft:skeleton":1,"minecraft:zombie":5,"alexsmobs:gazelle":1},"minecraft:killed_by":{"minecraft:cave_spider":2,"alexsmobs:centipede_head":1,"minecraft:skeleton":1,"minecraft:zombie":1},"minecraft:dropped":{"minecraft:gravel":30,"minecraft:stone_axe":1,"alexsmobs:gazelle_horn":1,"minecraft:glow_ink_sac":5,"minecraft:stone_sword":1,"minecraft:cobbled_deepslate":99,"minecraft:tuff":19,"minecraft:cobblestone":64,"minecraft:rotten_flesh":2,"minecraft:granite":25,"duneons:dungeonscharreddirt":15,"minecraft:dirt":37,"minecraft:diorite":2,"minecraft:spruce_planks":1,"minecraft:andesite":5,"tombstone:grave_dust":1,"duneons:dungeonscharredcobblestone":2,"minecraft:wooden_pickaxe":1,"minecraft:stone_pickaxe":1,"minecraft:iron_pickaxe":1},"minecraft:picked_up":{"duneons:dungeonscharreddirt":15,"minecraft:crafting_table":3,"minecraft:glow_ink_sac":5,"minecraft:andesite":5,"minecraft:flint":2,"minecraft:tuff":19,"minecraft:oak_log":1,"alexsmobs:gazelle_horn":1,"minecraft:lapis_lazuli":86,"minecraft:dirt":62,"minecraft:raw_copper":39,"mysticalagriculture:inferium_essence":5,"minecraft:cobbled_deepslate":547,"minecraft:raw_gold":13,"minecraft:furnace":3,"minecraft:raw_iron":63,"duneons:dungeonscharredcobblestone":2,"minecraft:dandelion":1,"minecraft:gravel":30,"tombstone:grave_dust":2,"minecraft:diorite":2,"minecraft:spruce_log":27,"minecraft:dark_oak_log":2,"minecraft:rotten_flesh":4,"minecraft:diamond":8,"minecraft:granite":29,"minecraft:coal":36,"minecraft:cobblestone":244}},"DataVersion":3337}